2026-08-31 19:39:06.300 INFO  [main] [no-trace] c.e.o.OfferPilotApplicationTests - Starting OfferPilotApplicationTests using Java 21.0.11 with PID 42678 (started by oliver in /Users/oliver/IdeaProjects/offer-pilot)
2026-08-31 19:39:06.300 DEBUG [main] [no-trace] c.e.o.OfferPilotApplicationTests - Running with Spring Boot v4.1.1, Spring v7.0.9
2026-08-31 19:39:06.300 INFO  [main] [no-trace] c.e.o.OfferPilotApplicationTests - No active profile set, falling back to 1 default profile: "default"
2026-08-31 19:39:07.107 INFO  [main] [no-trace] c.e.o.storage.config.MinioConfig - 初始化 MinIO 客户端: endpoint=http://localhost:9000
2026-08-31 19:39:07.157 WARN  [main] [no-trace] c.e.o.s.s.impl.MinioFileStorage - MinIO bucket 初始化失败（MinIO 可能未启动）: Failed to connect to localhost/[0:0:0:0:0:0:0:1]:9000
2026-08-31 19:39:07.306 INFO  [main] [no-trace] c.b.m.s.MybatisPlusApplicationContextAware - Register ApplicationContext instances org.springframework.web.context.support.GenericWebApplicationContext@7f86996a
2026-08-31 19:39:07.399 INFO  [main] [no-trace] c.e.o.OfferPilotApplicationTests - Started OfferPilotApplicationTests in 1.224 seconds (process running for 2.577)
2026-08-31 19:39:45.291 INFO  [main] [no-trace] c.e.o.OfferPilotApplicationTests - Starting OfferPilotApplicationTests using Java 21.0.11 with PID 42863 (started by oliver in /Users/oliver/IdeaProjects/offer-pilot)
2026-08-31 19:39:45.291 DEBUG [main] [no-trace] c.e.o.OfferPilotApplicationTests - Running with Spring Boot v4.1.1, Spring v7.0.9
2026-08-31 19:39:45.291 INFO  [main] [no-trace] c.e.o.OfferPilotApplicationTests - No active profile set, falling back to 1 default profile: "default"
2026-08-31 19:39:46.089 INFO  [main] [no-trace] c.e.o.storage.config.MinioConfig - 初始化 MinIO 客户端: endpoint=http://localhost:9000
2026-08-31 19:39:46.140 WARN  [main] [no-trace] c.e.o.s.s.impl.MinioFileStorage - MinIO bucket 初始化失败（MinIO 可能未启动）: Failed to connect to localhost/[0:0:0:0:0:0:0:1]:9000
2026-08-31 19:39:46.288 INFO  [main] [no-trace] c.b.m.s.MybatisPlusApplicationContextAware - Register ApplicationContext instances org.springframework.web.context.support.GenericWebApplicationContext@4e027641
2026-08-31 19:39:46.382 INFO  [main] [no-trace] c.e.o.OfferPilotApplicationTests - Started OfferPilotApplicationTests in 1.214 seconds (process running for 2.359)
2026-08-31 19:48:02.756 INFO  [main] [no-trace] c.e.o.OfferPilotApplicationTests - Starting OfferPilotApplicationTests using Java 21.0.11 with PID 44199 (started by oliver in /Users/oliver/IdeaProjects/offer-pilot)
2026-08-31 19:48:02.756 DEBUG [main] [no-trace] c.e.o.OfferPilotApplicationTests - Running with Spring Boot v4.1.1, Spring v7.0.9
2026-08-31 19:48:02.757 INFO  [main] [no-trace] c.e.o.OfferPilotApplicationTests - No active profile set, falling back to 1 default profile: "default"
2026-08-31 19:48:03.551 INFO  [main] [no-trace] c.e.o.storage.config.MinioConfig - 初始化 MinIO 客户端: endpoint=http://localhost:9000
2026-08-31 19:48:03.602 WARN  [main] [no-trace] c.e.o.s.s.impl.MinioFileStorage - MinIO bucket 初始化失败（MinIO 可能未启动）: Failed to connect to localhost/[0:0:0:0:0:0:0:1]:9000
2026-08-31 19:48:03.773 INFO  [main] [no-trace] c.b.m.s.MybatisPlusApplicationContextAware - Register ApplicationContext instances org.springframework.web.context.support.GenericWebApplicationContext@4e027641
2026-08-31 19:48:03.869 INFO  [main] [no-trace] c.e.o.OfferPilotApplicationTests - Started OfferPilotApplicationTests in 1.229 seconds (process running for 2.289)
2026-08-31 19:49:53.566 INFO  [main] [no-trace] c.e.o.OfferPilotApplicationTests - Starting OfferPilotApplicationTests using Java 21.0.11 with PID 44591 (started by oliver in /Users/oliver/IdeaProjects/offer-pilot)
2026-08-31 19:49:53.566 DEBUG [main] [no-trace] c.e.o.OfferPilotApplicationTests - Running with Spring Boot v4.1.1, Spring v7.0.9
2026-08-31 19:49:53.566 INFO  [main] [no-trace] c.e.o.OfferPilotApplicationTests - No active profile set, falling back to 1 default profile: "default"
2026-08-31 19:49:54.329 INFO  [main] [no-trace] c.e.o.storage.config.MinioConfig - 初始化 MinIO 客户端: endpoint=http://localhost:9000
2026-08-31 19:49:54.367 WARN  [main] [no-trace] c.e.o.s.s.impl.MinioFileStorage - MinIO bucket 初始化失败（MinIO 可能未启动）: Failed to connect to localhost/[0:0:0:0:0:0:0:1]:9000
2026-08-31 19:49:54.510 INFO  [main] [no-trace] c.b.m.s.MybatisPlusApplicationContextAware - Register ApplicationContext instances org.springframework.web.context.support.GenericWebApplicationContext@313a51b
2026-08-31 19:49:54.602 INFO  [main] [no-trace] c.e.o.OfferPilotApplicationTests - Started OfferPilotApplicationTests in 1.154 seconds (process running for 2.209)
2026-08-31 20:02:49.761 INFO  [main] [no-trace] c.e.o.OfferPilotApplicationTests - Starting OfferPilotApplicationTests using Java 21.0.11 with PID 45815 (started by oliver in /Users/oliver/IdeaProjects/offer-pilot)
2026-08-31 20:02:49.761 DEBUG [main] [no-trace] c.e.o.OfferPilotApplicationTests - Running with Spring Boot v4.1.1, Spring v7.0.9
2026-08-31 20:02:49.762 INFO  [main] [no-trace] c.e.o.OfferPilotApplicationTests - No active profile set, falling back to 1 default profile: "default"
2026-08-31 20:02:50.548 INFO  [main] [no-trace] c.e.o.storage.config.MinioConfig - 初始化 MinIO 客户端: endpoint=http://localhost:9000
2026-08-31 20:02:50.596 WARN  [main] [no-trace] c.e.o.s.s.impl.MinioFileStorage - MinIO bucket 初始化失败（MinIO 可能未启动）: Failed to connect to localhost/[0:0:0:0:0:0:0:1]:9000
2026-08-31 20:02:50.752 INFO  [main] [no-trace] c.b.m.s.MybatisPlusApplicationContextAware - Register ApplicationContext instances org.springframework.web.context.support.GenericWebApplicationContext@313a51b
2026-08-31 20:02:50.844 INFO  [main] [no-trace] c.e.o.OfferPilotApplicationTests - Started OfferPilotApplicationTests in 1.194 seconds (process running for 2.252)
2026-08-31 20:12:25.277 INFO  [main] [no-trace] c.e.o.OfferPilotApplicationTests - Starting OfferPilotApplicationTests using Java 21.0.11 with PID 46608 (started by oliver in /Users/oliver/IdeaProjects/offer-pilot)
2026-08-31 20:12:25.278 DEBUG [main] [no-trace] c.e.o.OfferPilotApplicationTests - Running with Spring Boot v4.1.1, Spring v7.0.9
2026-08-31 20:12:25.278 INFO  [main] [no-trace] c.e.o.OfferPilotApplicationTests - No active profile set, falling back to 1 default profile: "default"
2026-08-31 20:12:26.062 INFO  [main] [no-trace] c.e.o.storage.config.MinioConfig - 初始化 MinIO 客户端: endpoint=http://localhost:9000
2026-08-31 20:12:26.111 WARN  [main] [no-trace] c.e.o.s.s.impl.MinioFileStorage - MinIO bucket 初始化失败（MinIO 可能未启动）: Failed to connect to localhost/[0:0:0:0:0:0:0:1]:9000
2026-08-31 20:12:26.264 INFO  [main] [no-trace] c.b.m.s.MybatisPlusApplicationContextAware - Register ApplicationContext instances org.springframework.web.context.support.GenericWebApplicationContext@313a51b
2026-08-31 20:12:26.349 INFO  [main] [no-trace] c.e.o.OfferPilotApplicationTests - Started OfferPilotApplicationTests in 1.187 seconds (process running for 2.249)
2026-08-31 20:17:20.485 INFO  [main] [no-trace] c.e.o.OfferPilotApplicationTests - Starting OfferPilotApplicationTests using Java 21.0.11 with PID 47005 (started by oliver in /Users/oliver/IdeaProjects/offer-pilot)
2026-08-31 20:17:20.485 DEBUG [main] [no-trace] c.e.o.OfferPilotApplicationTests - Running with Spring Boot v4.1.1, Spring v7.0.9
2026-08-31 20:17:20.485 INFO  [main] [no-trace] c.e.o.OfferPilotApplicationTests - No active profile set, falling back to 1 default profile: "default"
2026-08-31 20:17:21.261 INFO  [main] [no-trace] c.e.o.storage.config.MinioConfig - 初始化 MinIO 客户端: endpoint=http://localhost:9000
2026-08-31 20:17:21.306 WARN  [main] [no-trace] c.e.o.s.s.impl.MinioFileStorage - MinIO bucket 初始化失败（MinIO 可能未启动）: Failed to connect to localhost/[0:0:0:0:0:0:0:1]:9000
2026-08-31 20:17:21.445 INFO  [main] [no-trace] c.b.m.s.MybatisPlusApplicationContextAware - Register ApplicationContext instances org.springframework.web.context.support.GenericWebApplicationContext@313a51b
2026-08-31 20:17:21.530 INFO  [main] [no-trace] c.e.o.OfferPilotApplicationTests - Started OfferPilotApplicationTests in 1.162 seconds (process running for 2.28)
2026-08-31 20:20:33.490 INFO  [main] [no-trace] c.e.o.OfferPilotApplicationTests - Starting OfferPilotApplicationTests using Java 21.0.11 with PID 47832 (started by oliver in /Users/oliver/IdeaProjects/offer-pilot)
2026-08-31 20:20:33.490 DEBUG [main] [no-trace] c.e.o.OfferPilotApplicationTests - Running with Spring Boot v4.1.1, Spring v7.0.9
2026-08-31 20:20:33.491 INFO  [main] [no-trace] c.e.o.OfferPilotApplicationTests - No active profile set, falling back to 1 default profile: "default"
2026-08-31 20:20:34.281 INFO  [main] [no-trace] c.e.o.storage.config.MinioConfig - 初始化 MinIO 客户端: endpoint=http://localhost:9000
2026-08-31 20:20:34.322 WARN  [main] [no-trace] c.e.o.s.s.impl.MinioFileStorage - MinIO bucket 初始化失败（MinIO 可能未启动）: Failed to connect to localhost/[0:0:0:0:0:0:0:1]:9000
2026-08-31 20:20:34.471 INFO  [main] [no-trace] c.b.m.s.MybatisPlusApplicationContextAware - Register ApplicationContext instances org.springframework.web.context.support.GenericWebApplicationContext@313a51b
2026-08-31 20:20:34.557 INFO  [main] [no-trace] c.e.o.OfferPilotApplicationTests - Started OfferPilotApplicationTests in 1.185 seconds (process running for 2.285)
2026-08-31 20:26:10.409 INFO  [main] [no-trace] c.e.o.OfferPilotApplicationTests - Starting OfferPilotApplicationTests using Java 21.0.11 with PID 48406 (started by oliver in /Users/oliver/IdeaProjects/offer-pilot)
2026-08-31 20:26:10.409 DEBUG [main] [no-trace] c.e.o.OfferPilotApplicationTests - Running with Spring Boot v4.1.1, Spring v7.0.9
2026-08-31 20:26:10.410 INFO  [main] [no-trace] c.e.o.OfferPilotApplicationTests - No active profile set, falling back to 1 default profile: "default"
2026-08-31 20:26:11.208 INFO  [main] [no-trace] c.e.o.storage.config.MinioConfig - 初始化 MinIO 客户端: endpoint=http://localhost:9000
2026-08-31 20:26:11.249 WARN  [main] [no-trace] c.e.o.s.s.impl.MinioFileStorage - MinIO bucket 初始化失败（MinIO 可能未启动）: Failed to connect to localhost/[0:0:0:0:0:0:0:1]:9000
2026-08-31 20:26:11.403 INFO  [main] [no-trace] c.b.m.s.MybatisPlusApplicationContextAware - Register ApplicationContext instances org.springframework.web.context.support.GenericWebApplicationContext@313a51b
2026-08-31 20:26:11.492 INFO  [main] [no-trace] c.e.o.OfferPilotApplicationTests - Started OfferPilotApplicationTests in 1.2 seconds (process running for 2.291)
2026-08-31 20:57:21.492 INFO  [main] [no-trace] c.e.o.OfferPilotApplicationTests - Starting OfferPilotApplicationTests using Java 21.0.11 with PID 49845 (started by oliver in /Users/oliver/IdeaProjects/offer-pilot)
2026-08-31 20:57:21.492 DEBUG [main] [no-trace] c.e.o.OfferPilotApplicationTests - Running with Spring Boot v4.1.1, Spring v7.0.9
2026-08-31 20:57:21.492 INFO  [main] [no-trace] c.e.o.OfferPilotApplicationTests - No active profile set, falling back to 1 default profile: "default"
2026-08-31 20:57:22.308 INFO  [main] [no-trace] c.e.o.storage.config.MinioConfig - 初始化 MinIO 客户端: endpoint=http://localhost:9000
2026-08-31 20:57:22.355 WARN  [main] [no-trace] c.e.o.s.s.impl.MinioFileStorage - MinIO bucket 初始化失败（MinIO 可能未启动）: Failed to connect to localhost/[0:0:0:0:0:0:0:1]:9000
2026-08-31 20:57:22.496 INFO  [main] [no-trace] c.b.m.s.MybatisPlusApplicationContextAware - Register ApplicationContext instances org.springframework.web.context.support.GenericWebApplicationContext@313a51b
2026-08-31 20:57:22.585 INFO  [main] [no-trace] c.e.o.OfferPilotApplicationTests - Started OfferPilotApplicationTests in 1.215 seconds (process running for 2.38)
2026-08-31 21:00:42.119 INFO  [main] [no-trace] c.e.o.OfferPilotApplicationTests - Starting OfferPilotApplicationTests using Java 21.0.11 with PID 50304 (started by oliver in /Users/oliver/IdeaProjects/offer-pilot)
2026-08-31 21:00:42.119 DEBUG [main] [no-trace] c.e.o.OfferPilotApplicationTests - Running with Spring Boot v4.1.1, Spring v7.0.9
2026-08-31 21:00:42.119 INFO  [main] [no-trace] c.e.o.OfferPilotApplicationTests - No active profile set, falling back to 1 default profile: "default"
2026-08-31 21:00:42.957 INFO  [main] [no-trace] c.e.o.storage.config.MinioConfig - 初始化 MinIO 客户端: endpoint=http://localhost:9000
2026-08-31 21:00:43.008 WARN  [main] [no-trace] c.e.o.s.s.impl.MinioFileStorage - MinIO bucket 初始化失败（MinIO 可能未启动）: Failed to connect to localhost/[0:0:0:0:0:0:0:1]:9000
2026-08-31 21:00:43.157 INFO  [main] [no-trace] c.b.m.s.MybatisPlusApplicationContextAware - Register ApplicationContext instances org.springframework.web.context.support.GenericWebApplicationContext@313a51b
2026-08-31 21:00:43.253 INFO  [main] [no-trace] c.e.o.OfferPilotApplicationTests - Started OfferPilotApplicationTests in 1.254 seconds (process running for 2.319)
2026-08-31 21:54:20.289 INFO  [main] [no-trace] c.e.o.OfferPilotApplicationTests - Starting OfferPilotApplicationTests using Java 21.0.11 with PID 54559 (started by oliver in /Users/oliver/IdeaProjects/offer-pilot)
2026-08-31 21:54:20.290 DEBUG [main] [no-trace] c.e.o.OfferPilotApplicationTests - Running with Spring Boot v4.1.1, Spring v7.0.9
2026-08-31 21:54:20.290 INFO  [main] [no-trace] c.e.o.OfferPilotApplicationTests - No active profile set, falling back to 1 default profile: "default"
2026-08-31 21:54:21.197 INFO  [main] [no-trace] c.e.o.storage.config.MinioConfig - 初始化 MinIO 客户端: endpoint=http://localhost:9000
2026-08-31 21:54:21.250 WARN  [main] [no-trace] c.e.o.s.s.impl.MinioFileStorage - MinIO bucket 初始化失败（MinIO 可能未启动）: Failed to connect to localhost/[0:0:0:0:0:0:0:1]:9000
2026-08-31 21:54:21.396 INFO  [main] [no-trace] c.b.m.s.MybatisPlusApplicationContextAware - Register ApplicationContext instances org.springframework.web.context.support.GenericWebApplicationContext@8a971e1
2026-08-31 21:54:21.487 INFO  [main] [no-trace] c.e.o.OfferPilotApplicationTests - Started OfferPilotApplicationTests in 1.337 seconds (process running for 2.451)
2026-08-31 22:09:33.314 INFO  [main] [no-trace] c.e.offerpilot.OfferPilotApplication - Starting OfferPilotApplication using Java 21.0.11 with PID 55707 (/Users/oliver/IdeaProjects/offer-pilot/target/classes started by oliver in /Users/oliver/IdeaProjects/offer-pilot)
2026-08-31 22:09:33.315 DEBUG [main] [no-trace] c.e.offerpilot.OfferPilotApplication - Running with Spring Boot v4.1.1, Spring v7.0.9
2026-08-31 22:09:33.316 INFO  [main] [no-trace] c.e.offerpilot.OfferPilotApplication - The following 1 profile is active: "dev"
2026-08-31 22:09:33.783 INFO  [main] [no-trace] o.s.boot.tomcat.TomcatWebServer - Tomcat initialized with port 8080 (http)
2026-08-31 22:09:33.794 INFO  [main] [no-trace] o.a.catalina.core.StandardService - Starting service [Tomcat]
2026-08-31 22:09:33.794 INFO  [main] [no-trace] o.a.catalina.core.StandardEngine - Starting Servlet engine: [Apache Tomcat/11.0.24]
2026-08-31 22:09:33.818 INFO  [main] [no-trace] o.s.b.w.c.s.WebApplicationContextInitializer - Root WebApplicationContext: initialization completed in 488 ms
2026-08-31 22:09:33.841 DEBUG [main] [no-trace] c.e.o.common.config.TraceIdFilter - Filter 'traceIdFilter' configured for use
2026-08-31 22:09:34.272 INFO  [main] [no-trace] c.e.o.storage.config.MinioConfig - 初始化 MinIO 客户端: endpoint=http://localhost:9000
2026-08-31 22:09:34.325 WARN  [main] [no-trace] c.e.o.s.s.impl.MinioFileStorage - MinIO bucket 初始化失败（MinIO 可能未启动）: Failed to connect to localhost/[0:0:0:0:0:0:0:1]:9000
2026-08-31 22:09:34.439 INFO  [main] [no-trace] c.b.m.s.MybatisPlusApplicationContextAware - Register ApplicationContext instances org.springframework.boot.web.server.servlet.context.AnnotationConfigServletWebServerApplicationContext@5ef8df1e
2026-08-31 22:09:34.506 INFO  [main] [no-trace] o.s.boot.tomcat.TomcatWebServer - Tomcat started on port 8080 (http) with context path '/'
2026-08-31 22:09:34.510 INFO  [main] [no-trace] c.e.offerpilot.OfferPilotApplication - Started OfferPilotApplication in 1.357 seconds (process running for 1.48)
2026-08-31 22:09:46.765 INFO  [http-nio-8080-exec-1] [no-trace] o.a.c.c.C.[Tomcat].[localhost].[/] - Initializing Spring DispatcherServlet 'dispatcherServlet'
2026-08-31 22:09:46.766 INFO  [http-nio-8080-exec-1] [no-trace] o.s.web.servlet.DispatcherServlet - Initializing Servlet 'dispatcherServlet'
2026-08-31 22:09:46.766 INFO  [http-nio-8080-exec-1] [no-trace] o.s.web.servlet.DispatcherServlet - Completed initialization in 0 ms
2026-08-31 22:09:46.779 INFO  [http-nio-8080-exec-1] [fd5b13f8d47d4172] c.e.o.common.config.ApiLogAspect - [API 请求] traceId=fd5b13f8d47d4172, GET/api/health HealthController.health(), args=[]
2026-08-31 22:09:46.779 INFO  [http-nio-8080-exec-1] [fd5b13f8d47d4172] c.e.o.common.config.ApiLogAspect - [API 响应] traceId=fd5b13f8d47d4172, GET/api/health 耗时=0ms
2026-08-31 22:58:43.760 INFO  [main] [no-trace] c.e.o.OfferPilotApplicationTests - Starting OfferPilotApplicationTests using Java 21.0.11 with PID 59508 (started by oliver in /Users/oliver/IdeaProjects/offer-pilot)
2026-08-31 22:58:43.761 DEBUG [main] [no-trace] c.e.o.OfferPilotApplicationTests - Running with Spring Boot v4.1.1, Spring v7.0.9
2026-08-31 22:58:43.761 INFO  [main] [no-trace] c.e.o.OfferPilotApplicationTests - No active profile set, falling back to 1 default profile: "default"
2026-08-31 22:58:44.567 INFO  [main] [no-trace] c.e.o.storage.config.MinioConfig - 初始化 MinIO 客户端: endpoint=http://14.103.58.208:19001
2026-08-31 22:58:44.655 WARN  [main] [no-trace] c.e.o.s.s.impl.MinioFileStorage - MinIO bucket 初始化失败（MinIO 可能未启动）: Non-XML response from server. Response code: 400, Content-Type: text/xml; charset=utf-8, body: <?xml version="1.0" encoding="UTF-8"?><Error><Code>InvalidArgument</Code><Message>S3 API Requests must be made to API port.</Message><RequestId>0</RequestId></Error>
2026-08-31 22:58:44.794 INFO  [main] [no-trace] c.b.m.s.MybatisPlusApplicationContextAware - Register ApplicationContext instances org.springframework.web.context.support.GenericWebApplicationContext@7e281050
2026-08-31 22:58:44.875 INFO  [main] [no-trace] c.e.o.OfferPilotApplicationTests - Started OfferPilotApplicationTests in 1.234 seconds (process running for 2.401)
2026-08-31 23:06:07.552 INFO  [main] [no-trace] c.e.o.OfferPilotApplicationTests - Starting OfferPilotApplicationTests using Java 21.0.11 with PID 61011 (started by oliver in /Users/oliver/IdeaProjects/offer-pilot)
2026-08-31 23:06:07.553 DEBUG [main] [no-trace] c.e.o.OfferPilotApplicationTests - Running with Spring Boot v4.1.1, Spring v7.0.9
2026-08-31 23:06:07.553 INFO  [main] [no-trace] c.e.o.OfferPilotApplicationTests - No active profile set, falling back to 1 default profile: "default"
2026-08-31 23:06:08.434 INFO  [main] [no-trace] c.e.o.storage.config.MinioConfig - 初始化 MinIO 客户端: endpoint=http://14.103.58.208:19001
2026-08-31 23:06:08.535 WARN  [main] [no-trace] c.e.o.s.s.impl.MinioFileStorage - MinIO bucket 初始化失败（MinIO 可能未启动）: Non-XML response from server. Response code: 400, Content-Type: text/xml; charset=utf-8, body: <?xml version="1.0" encoding="UTF-8"?><Error><Code>InvalidArgument</Code><Message>S3 API Requests must be made to API port.</Message><RequestId>0</RequestId></Error>
2026-08-31 23:06:08.601 WARN  [main] [no-trace] o.s.w.c.s.GenericWebApplicationContext - Exception encountered during context initialization - cancelling refresh attempt: org.springframework.beans.factory.UnsatisfiedDependencyException: Error creating bean with name 'requestMappingHandlerMapping' defined in class path resource [org/springframework/boot/webmvc/autoconfigure/WebMvcAutoConfiguration$EnableWebMvcConfiguration.class]: Unsatisfied dependency expressed through method 'requestMappingHandlerMapping' parameter 0: Error creating bean with name 'mvcContentNegotiationManager' defined in class path resource [org/springframework/boot/webmvc/autoconfigure/WebMvcAutoConfiguration$EnableWebMvcConfiguration.class]: Failed to instantiate [org.springframework.web.accept.ContentNegotiationManager]: Factory method 'mvcContentNegotiationManager' threw exception with message: Error creating bean with name 'jacksonJsonHttpMessageConvertersCustomizer' defined in class path resource [org/springframework/boot/http/converter/autoconfigure/JacksonHttpMessageConvertersConfiguration$JacksonJsonHttpMessageConverterConfiguration.class]: Unsatisfied dependency expressed through method 'jacksonJsonHttpMessageConvertersCustomizer' parameter 0: Error creating bean with name 'jacksonJsonMapper' defined in class path resource [org/springframework/boot/jackson/autoconfigure/JacksonAutoConfiguration.class]: Unsatisfied dependency expressed through method 'jacksonJsonMapper' parameter 0: Error creating bean with name 'jsonMapperBuilder' defined in class path resource [org/springframework/boot/jackson/autoconfigure/JacksonAutoConfiguration.class]: Unsatisfied dependency expressed through method 'jsonMapperBuilder' parameter 1: Error creating bean with name 'jsonFactory' defined in class path resource [org/springframework/boot/jackson/autoconfigure/JacksonAutoConfiguration.class]: Failed to instantiate [tools.jackson.core.json.JsonFactory]: Factory method 'jsonFactory' threw exception with message: Error creating bean with name 'org.springframework.boot.jackson.autoconfigure.JacksonAutoConfiguration$JacksonJsonCustomizerConfiguration': Unsatisfied dependency expressed through constructor parameter 0: Error creating bean with name 'spring.jackson-org.springframework.boot.jackson.autoconfigure.JacksonProperties': Could not bind properties to 'JacksonProperties' : prefix=spring.jackson, ignoreInvalidFields=false, ignoreUnknownFields=true
2026-08-31 23:06:08.606 INFO  [main] [no-trace] o.s.b.a.l.ConditionEvaluationReportLogger - 

Error starting ApplicationContext. To display the condition evaluation report re-run your application with 'debug' enabled.
2026-08-31 23:06:08.610 ERROR [main] [no-trace] o.s.b.d.LoggingFailureAnalysisReporter - 

***************************
APPLICATION FAILED TO START
***************************

Description:

Failed to bind properties under 'spring.jackson.serialization' to java.util.Map<tools.jackson.databind.SerializationFeature, java.lang.Boolean>:

    Reason: failed to convert java.lang.String to tools.jackson.databind.SerializationFeature (caused by java.lang.IllegalArgumentException: No enum constant tools.jackson.databind.SerializationFeature.write-dates-as-timestamps)

Action:

Update your application's configuration. The following values are valid:

    APPLY_JSON_INCLUDE_FOR_CONTAINERS
    CLOSE_CLOSEABLE
    EAGER_SERIALIZER_FETCH
    FAIL_ON_EMPTY_BEANS
    FAIL_ON_ORDER_MAP_BY_INCOMPARABLE_KEY
    FAIL_ON_SELF_REFERENCES
    FAIL_ON_UNWRAPPED_TYPE_IDENTIFIERS
    FLUSH_AFTER_WRITE_VALUE
    INDENT_OUTPUT
    ORDER_MAP_ENTRIES_BY_KEYS
    USE_EQUALITY_FOR_OBJECT_ID
    WRAP_EXCEPTIONS
    WRAP_ROOT_VALUE
    WRITE_CHAR_ARRAYS_AS_JSON_ARRAYS
    WRITE_EMPTY_JSON_ARRAYS
    WRITE_SELF_REFERENCES_AS_NULL
    WRITE_SINGLE_ELEM_ARRAYS_UNWRAPPED

2026-08-31 23:06:08.611 WARN  [main] [no-trace] o.s.test.context.TestContextManager - Caught exception while allowing TestExecutionListener [org.springframework.test.context.web.ServletTestExecutionListener] to prepare test instance [com.eyki.offerpilot.OfferPilotApplicationTests@21b4d9c5]
java.lang.IllegalStateException: Failed to load ApplicationContext for [WebMergedContextConfiguration@40bc89e4 testClass = com.eyki.offerpilot.OfferPilotApplicationTests, locations = [], classes = [com.eyki.offerpilot.OfferPilotApplication], contextInitializerClasses = [], activeProfiles = [], propertySourceDescriptors = [], propertySourceProperties = ["org.springframework.boot.test.context.SpringBootTestContextBootstrapper=true"], contextCustomizers = [org.springframework.boot.web.server.context.SpringBootTestRandomPortContextCustomizer@1db6297f, org.springframework.boot.test.context.PropertyMappingContextCustomizer@0, org.springframework.boot.test.context.filter.ExcludeFilterContextCustomizer@3560048c, org.springframework.boot.test.http.client.DisableReactorResourceFactoryGlobalResourcesContextCustomizerFactory$DisableReactorResourceFactoryGlobalResourcesContextCustomizerCustomizer@557c622c, org.springframework.boot.test.json.DuplicateJsonObjectContextCustomizerFactory$DuplicateJsonObjectContextCustomizer@1f6fad50, org.springframework.boot.test.autoconfigure.OnFailureConditionReportContextCustomizerFactory$OnFailureConditionReportContextCustomizer@55bec86d, org.springframework.test.context.support.DynamicPropertiesContextCustomizer@0, org.springframework.boot.test.context.SpringBootTestAnnotation@c5e9008d], resourceBasePath = "src/main/webapp", contextLoader = org.springframework.boot.test.context.SpringBootContextLoader, parent = null]
	at org.springframework.test.context.cache.DefaultCacheAwareContextLoaderDelegate.lambda$loadContext$0(DefaultCacheAwareContextLoaderDelegate.java:195)
	at org.springframework.test.context.cache.DefaultContextCache.put(DefaultContextCache.java:214)
	at org.springframework.test.context.cache.DefaultCacheAwareContextLoaderDelegate.loadContext(DefaultCacheAwareContextLoaderDelegate.java:160)
	at org.springframework.test.context.support.DefaultTestContext.getApplicationContext(DefaultTestContext.java:128)
	at org.springframework.test.context.web.ServletTestExecutionListener.setUpRequestContextIfNecessary(ServletTestExecutionListener.java:200)
	at org.springframework.test.context.web.ServletTestExecutionListener.prepareTestInstance(ServletTestExecutionListener.java:139)
	at org.springframework.test.context.TestContextManager.prepareTestInstance(TestContextManager.java:260)
	at org.springframework.test.context.junit.jupiter.SpringExtension.postProcessTestInstance(SpringExtension.java:242)
	at org.junit.jupiter.engine.descriptor.ClassBasedTestDescriptor.lambda$invokeTestInstancePostProcessors$1(ClassBasedTestDescriptor.java:423)
	at org.junit.jupiter.engine.descriptor.ClassBasedTestDescriptor.executeAndMaskThrowable(ClassBasedTestDescriptor.java:428)
	at org.junit.jupiter.engine.descriptor.ClassBasedTestDescriptor.lambda$invokeTestInstancePostProcessors$0(ClassBasedTestDescriptor.java:422)
	at java.base/java.util.stream.ForEachOps$ForEachOp$OfRef.accept(ForEachOps.java:184)
	at java.base/java.util.stream.ReferencePipeline$3$1.accept(ReferencePipeline.java:197)
	at java.base/java.util.stream.ReferencePipeline$2$1.accept(ReferencePipeline.java:179)
	at java.base/java.util.stream.ReferencePipeline$3$1.accept(ReferencePipeline.java:197)
	at java.base/java.util.ArrayList$ArrayListSpliterator.forEachRemaining(ArrayList.java:1708)
	at java.base/java.util.stream.AbstractPipeline.copyInto(AbstractPipeline.java:509)
	at java.base/java.util.stream.AbstractPipeline.wrapAndCopyInto(AbstractPipeline.java:499)
	at java.base/java.util.stream.ForEachOps$ForEachOp.evaluateSequential(ForEachOps.java:151)
	at java.base/java.util.stream.ForEachOps$ForEachOp$OfRef.evaluateSequential(ForEachOps.java:174)
	at java.base/java.util.stream.AbstractPipeline.evaluate(AbstractPipeline.java:234)
	at java.base/java.util.stream.ReferencePipeline.forEach(ReferencePipeline.java:596)
	at org.junit.jupiter.engine.descriptor.ClassBasedTestDescriptor.invokeTestInstancePostProcessors(ClassBasedTestDescriptor.java:422)
	at org.junit.jupiter.engine.descriptor.ClassBasedTestDescriptor.lambda$instantiateAndPostProcessTestInstance$0(ClassBasedTestDescriptor.java:334)
	at org.junit.platform.engine.support.hierarchical.ThrowableCollector.execute(ThrowableCollector.java:74)
	at org.junit.jupiter.engine.descriptor.ClassBasedTestDescriptor.instantiateAndPostProcessTestInstance(ClassBasedTestDescriptor.java:333)
	at org.junit.jupiter.engine.descriptor.ClassBasedTestDescriptor.lambda$testInstancesProvider$1(ClassBasedTestDescriptor.java:322)
	at java.base/java.util.Optional.orElseGet(Optional.java:364)
	at org.junit.jupiter.engine.descriptor.ClassBasedTestDescriptor.lambda$testInstancesProvider$0(ClassBasedTestDescriptor.java:321)
	at org.junit.jupiter.engine.execution.TestInstancesProvider.getTestInstances(TestInstancesProvider.java:27)
	at org.junit.jupiter.engine.descriptor.TestMethodTestDescriptor.lambda$prepare$0(TestMethodTestDescriptor.java:127)
	at org.junit.platform.engine.support.hierarchical.ThrowableCollector.execute(ThrowableCollector.java:74)
	at org.junit.jupiter.engine.descriptor.TestMethodTestDescriptor.prepare(TestMethodTestDescriptor.java:126)
	at org.junit.jupiter.engine.descriptor.TestMethodTestDescriptor.prepare(TestMethodTestDescriptor.java:70)
	at org.junit.platform.engine.support.hierarchical.NodeTestTask.lambda$prepare$0(NodeTestTask.java:144)
	at org.junit.platform.engine.support.hierarchical.ThrowableCollector.execute(ThrowableCollector.java:74)
	at org.junit.platform.engine.support.hierarchical.NodeTestTask.prepare(NodeTestTask.java:144)
	at org.junit.platform.engine.support.hierarchical.NodeTestTask.execute(NodeTestTask.java:110)
	at java.base/java.util.ArrayList.forEach(ArrayList.java:1596)
	at org.junit.platform.engine.support.hierarchical.SameThreadHierarchicalTestExecutorService.invokeAll(SameThreadHierarchicalTestExecutorService.java:42)
	at org.junit.platform.engine.support.hierarchical.NodeTestTask.lambda$executeRecursively$2(NodeTestTask.java:180)
	at org.junit.platform.engine.support.hierarchical.ThrowableCollector.execute(ThrowableCollector.java:74)
	at org.junit.platform.engine.support.hierarchical.NodeTestTask.lambda$executeRecursively$1(NodeTestTask.java:166)
	at org.junit.platform.engine.support.hierarchical.Node.around(Node.java:138)
	at org.junit.platform.engine.support.hierarchical.NodeTestTask.lambda$executeRecursively$0(NodeTestTask.java:164)
	at org.junit.platform.engine.support.hierarchical.ThrowableCollector.execute(ThrowableCollector.java:74)
	at org.junit.platform.engine.support.hierarchical.NodeTestTask.executeRecursively(NodeTestTask.java:163)
	at org.junit.platform.engine.support.hierarchical.NodeTestTask.execute(NodeTestTask.java:116)
	at java.base/java.util.ArrayList.forEach(ArrayList.java:1596)
	at org.junit.platform.engine.support.hierarchical.SameThreadHierarchicalTestExecutorService.invokeAll(SameThreadHierarchicalTestExecutorService.java:42)
	at org.junit.platform.engine.support.hierarchical.NodeTestTask.lambda$executeRecursively$2(NodeTestTask.java:180)
	at org.junit.platform.engine.support.hierarchical.ThrowableCollector.execute(ThrowableCollector.java:74)
	at org.junit.platform.engine.support.hierarchical.NodeTestTask.lambda$executeRecursively$1(NodeTestTask.java:166)
	at org.junit.platform.engine.support.hierarchical.Node.around(Node.java:138)
	at org.junit.platform.engine.support.hierarchical.NodeTestTask.lambda$executeRecursively$0(NodeTestTask.java:164)
	at org.junit.platform.engine.support.hierarchical.ThrowableCollector.execute(ThrowableCollector.java:74)
	at org.junit.platform.engine.support.hierarchical.NodeTestTask.executeRecursively(NodeTestTask.java:163)
	at org.junit.platform.engine.support.hierarchical.NodeTestTask.execute(NodeTestTask.java:116)
	at org.junit.platform.engine.support.hierarchical.SameThreadHierarchicalTestExecutorService.submit(SameThreadHierarchicalTestExecutorService.java:36)
	at org.junit.platform.engine.support.hierarchical.HierarchicalTestExecutor.execute(HierarchicalTestExecutor.java:52)
	at org.junit.platform.engine.support.hierarchical.HierarchicalTestEngine.execute(HierarchicalTestEngine.java:58)
	at org.junit.platform.launcher.core.EngineExecutionOrchestrator.executeEngine(EngineExecutionOrchestrator.java:246)
	at org.junit.platform.launcher.core.EngineExecutionOrchestrator.failOrExecuteEngine(EngineExecutionOrchestrator.java:218)
	at org.junit.platform.launcher.core.EngineExecutionOrchestrator.execute(EngineExecutionOrchestrator.java:179)
	at org.junit.platform.launcher.core.EngineExecutionOrchestrator.execute(EngineExecutionOrchestrator.java:108)
	at org.junit.platform.launcher.core.EngineExecutionOrchestrator.lambda$execute$0(EngineExecutionOrchestrator.java:66)
	at org.junit.platform.launcher.core.EngineExecutionOrchestrator.withInterceptedStreams(EngineExecutionOrchestrator.java:157)
	at org.junit.platform.launcher.core.EngineExecutionOrchestrator.execute(EngineExecutionOrchestrator.java:65)
	at org.junit.platform.launcher.core.DefaultLauncher.execute(DefaultLauncher.java:125)
	at org.junit.platform.launcher.core.DefaultLauncher.execute(DefaultLauncher.java:114)
	at org.junit.platform.launcher.core.DelegatingLauncher.execute(DelegatingLauncher.java:58)
	at org.junit.platform.launcher.core.InterceptingLauncher.lambda$execute$2(InterceptingLauncher.java:57)
	at org.junit.platform.launcher.core.ClasspathAlignmentCheckingLauncherInterceptor.intercept(ClasspathAlignmentCheckingLauncherInterceptor.java:25)
	at org.junit.platform.launcher.core.InterceptingLauncher.execute(InterceptingLauncher.java:56)
	at org.junit.platform.launcher.core.DelegatingLauncher.execute(DelegatingLauncher.java:58)
	at java.base/jdk.internal.reflect.DirectMethodHandleAccessor.invoke(DirectMethodHandleAccessor.java:103)
	at java.base/java.lang.reflect.Method.invoke(Method.java:580)
	at org.apache.maven.surefire.api.util.ReflectionUtils.invokeMethodWithArray(ReflectionUtils.java:125)
	at org.apache.maven.surefire.junitplatform.LauncherAdapter.executeWithCancellationToken(LauncherAdapter.java:68)
	at org.apache.maven.surefire.junitplatform.LauncherAdapter.execute(LauncherAdapter.java:54)
	at org.apache.maven.surefire.junitplatform.JUnitPlatformProvider.execute(JUnitPlatformProvider.java:203)
	at org.apache.maven.surefire.junitplatform.JUnitPlatformProvider.invokeAllTests(JUnitPlatformProvider.java:168)
	at org.apache.maven.surefire.junitplatform.JUnitPlatformProvider.invoke(JUnitPlatformProvider.java:136)
	at org.apache.maven.surefire.booter.ForkedBooter.runSuitesInProcess(ForkedBooter.java:385)
	at org.apache.maven.surefire.booter.ForkedBooter.execute(ForkedBooter.java:162)
	at org.apache.maven.surefire.booter.ForkedBooter.run(ForkedBooter.java:507)
	at org.apache.maven.surefire.booter.ForkedBooter.main(ForkedBooter.java:495)
Caused by: org.springframework.beans.factory.UnsatisfiedDependencyException: Error creating bean with name 'requestMappingHandlerMapping' defined in class path resource [org/springframework/boot/webmvc/autoconfigure/WebMvcAutoConfiguration$EnableWebMvcConfiguration.class]: Unsatisfied dependency expressed through method 'requestMappingHandlerMapping' parameter 0: Error creating bean with name 'mvcContentNegotiationManager' defined in class path resource [org/springframework/boot/webmvc/autoconfigure/WebMvcAutoConfiguration$EnableWebMvcConfiguration.class]: Failed to instantiate [org.springframework.web.accept.ContentNegotiationManager]: Factory method 'mvcContentNegotiationManager' threw exception with message: Error creating bean with name 'jacksonJsonHttpMessageConvertersCustomizer' defined in class path resource [org/springframework/boot/http/converter/autoconfigure/JacksonHttpMessageConvertersConfiguration$JacksonJsonHttpMessageConverterConfiguration.class]: Unsatisfied dependency expressed through method 'jacksonJsonHttpMessageConvertersCustomizer' parameter 0: Error creating bean with name 'jacksonJsonMapper' defined in class path resource [org/springframework/boot/jackson/autoconfigure/JacksonAutoConfiguration.class]: Unsatisfied dependency expressed through method 'jacksonJsonMapper' parameter 0: Error creating bean with name 'jsonMapperBuilder' defined in class path resource [org/springframework/boot/jackson/autoconfigure/JacksonAutoConfiguration.class]: Unsatisfied dependency expressed through method 'jsonMapperBuilder' parameter 1: Error creating bean with name 'jsonFactory' defined in class path resource [org/springframework/boot/jackson/autoconfigure/JacksonAutoConfiguration.class]: Failed to instantiate [tools.jackson.core.json.JsonFactory]: Factory method 'jsonFactory' threw exception with message: Error creating bean with name 'org.springframework.boot.jackson.autoconfigure.JacksonAutoConfiguration$JacksonJsonCustomizerConfiguration': Unsatisfied dependency expressed through constructor parameter 0: Error creating bean with name 'spring.jackson-org.springframework.boot.jackson.autoconfigure.JacksonProperties': Could not bind properties to 'JacksonProperties' : prefix=spring.jackson, ignoreInvalidFields=false, ignoreUnknownFields=true
	at org.springframework.beans.factory.support.ConstructorResolver.createArgumentArray(ConstructorResolver.java:804)
	at org.springframework.beans.factory.support.ConstructorResolver.instantiateUsingFactoryMethod(ConstructorResolver.java:546)
	at org.springframework.beans.factory.support.AbstractAutowireCapableBeanFactory.instantiateUsingFactoryMethod(AbstractAutowireCapableBeanFactory.java:1360)
	at org.springframework.beans.factory.support.AbstractAutowireCapableBeanFactory.createBeanInstance(AbstractAutowireCapableBeanFactory.java:1192)
	at org.springframework.beans.factory.support.AbstractAutowireCapableBeanFactory.doCreateBean(AbstractAutowireCapableBeanFactory.java:565)
	at org.springframework.beans.factory.support.AbstractAutowireCapableBeanFactory.createBean(AbstractAutowireCapableBeanFactory.java:525)
	at org.springframework.beans.factory.support.AbstractBeanFactory.lambda$doGetBean$0(AbstractBeanFactory.java:333)
	at org.springframework.beans.factory.support.DefaultSingletonBeanRegistry.getSingleton(DefaultSingletonBeanRegistry.java:371)
	at org.springframework.beans.factory.support.AbstractBeanFactory.doGetBean(AbstractBeanFactory.java:331)
	at org.springframework.beans.factory.support.AbstractBeanFactory.getBean(AbstractBeanFactory.java:196)
	at org.springframework.beans.factory.support.DefaultListableBeanFactory.instantiateSingleton(DefaultListableBeanFactory.java:1225)
	at org.springframework.beans.factory.support.DefaultListableBeanFactory.preInstantiateSingleton(DefaultListableBeanFactory.java:1191)
	at org.springframework.beans.factory.support.DefaultListableBeanFactory.preInstantiateSingletons(DefaultListableBeanFactory.java:1121)
	at org.springframework.context.support.AbstractApplicationContext.finishBeanFactoryInitialization(AbstractApplicationContext.java:994)
	at org.springframework.context.support.AbstractApplicationContext.refresh(AbstractApplicationContext.java:621)
	at org.springframework.boot.SpringApplication.refresh(SpringApplication.java:756)
	at org.springframework.boot.SpringApplication.refreshContext(SpringApplication.java:445)
	at org.springframework.boot.SpringApplication.run(SpringApplication.java:321)
	at org.springframework.boot.test.context.SpringBootContextLoader.lambda$loadContext$2(SpringBootContextLoader.java:155)
	at org.springframework.util.function.ThrowingSupplier.get(ThrowingSupplier.java:58)
	at org.springframework.util.function.ThrowingSupplier.get(ThrowingSupplier.java:46)
	at org.springframework.boot.SpringApplication.withHook(SpringApplication.java:1465)
	at org.springframework.boot.test.context.SpringBootContextLoader$ContextLoaderHook.run(SpringBootContextLoader.java:600)
	at org.springframework.boot.test.context.SpringBootContextLoader.loadContext(SpringBootContextLoader.java:155)
	at org.springframework.boot.test.context.SpringBootContextLoader.loadContext(SpringBootContextLoader.java:114)
	at org.springframework.test.context.cache.DefaultCacheAwareContextLoaderDelegate.loadContextInternal(DefaultCacheAwareContextLoaderDelegate.java:247)
	at org.springframework.test.context.cache.DefaultCacheAwareContextLoaderDelegate.lambda$loadContext$0(DefaultCacheAwareContextLoaderDelegate.java:167)
	... 86 common frames omitted
Caused by: org.springframework.beans.factory.BeanCreationException: Error creating bean with name 'mvcContentNegotiationManager' defined in class path resource [org/springframework/boot/webmvc/autoconfigure/WebMvcAutoConfiguration$EnableWebMvcConfiguration.class]: Failed to instantiate [org.springframework.web.accept.ContentNegotiationManager]: Factory method 'mvcContentNegotiationManager' threw exception with message: Error creating bean with name 'jacksonJsonHttpMessageConvertersCustomizer' defined in class path resource [org/springframework/boot/http/converter/autoconfigure/JacksonHttpMessageConvertersConfiguration$JacksonJsonHttpMessageConverterConfiguration.class]: Unsatisfied dependency expressed through method 'jacksonJsonHttpMessageConvertersCustomizer' parameter 0: Error creating bean with name 'jacksonJsonMapper' defined in class path resource [org/springframework/boot/jackson/autoconfigure/JacksonAutoConfiguration.class]: Unsatisfied dependency expressed through method 'jacksonJsonMapper' parameter 0: Error creating bean with name 'jsonMapperBuilder' defined in class path resource [org/springframework/boot/jackson/autoconfigure/JacksonAutoConfiguration.class]: Unsatisfied dependency expressed through method 'jsonMapperBuilder' parameter 1: Error creating bean with name 'jsonFactory' defined in class path resource [org/springframework/boot/jackson/autoconfigure/JacksonAutoConfiguration.class]: Failed to instantiate [tools.jackson.core.json.JsonFactory]: Factory method 'jsonFactory' threw exception with message: Error creating bean with name 'org.springframework.boot.jackson.autoconfigure.JacksonAutoConfiguration$JacksonJsonCustomizerConfiguration': Unsatisfied dependency expressed through constructor parameter 0: Error creating bean with name 'spring.jackson-org.springframework.boot.jackson.autoconfigure.JacksonProperties': Could not bind properties to 'JacksonProperties' : prefix=spring.jackson, ignoreInvalidFields=false, ignoreUnknownFields=true
	at org.springframework.beans.factory.support.ConstructorResolver.instantiate(ConstructorResolver.java:657)
	at org.springframework.beans.factory.support.ConstructorResolver.instantiateUsingFactoryMethod(ConstructorResolver.java:489)
	at org.springframework.beans.factory.support.AbstractAutowireCapableBeanFactory.instantiateUsingFactoryMethod(AbstractAutowireCapableBeanFactory.java:1360)
	at org.springframework.beans.factory.support.AbstractAutowireCapableBeanFactory.createBeanInstance(AbstractAutowireCapableBeanFactory.java:1192)
	at org.springframework.beans.factory.support.AbstractAutowireCapableBeanFactory.doCreateBean(AbstractAutowireCapableBeanFactory.java:565)
	at org.springframework.beans.factory.support.AbstractAutowireCapableBeanFactory.createBean(AbstractAutowireCapableBeanFactory.java:525)
	at org.springframework.beans.factory.support.AbstractBeanFactory.lambda$doGetBean$0(AbstractBeanFactory.java:333)
	at org.springframework.beans.factory.support.DefaultSingletonBeanRegistry.getSingleton(DefaultSingletonBeanRegistry.java:371)
	at org.springframework.beans.factory.support.AbstractBeanFactory.doGetBean(AbstractBeanFactory.java:331)
	at org.springframework.beans.factory.support.AbstractBeanFactory.getBean(AbstractBeanFactory.java:201)
	at org.springframework.beans.factory.support.DefaultListableBeanFactory.resolveBean(DefaultListableBeanFactory.java:1232)
	at org.springframework.beans.factory.support.DefaultListableBeanFactory.doResolveDependency(DefaultListableBeanFactory.java:1711)
	at org.springframework.beans.factory.support.DefaultListableBeanFactory.resolveDependency(DefaultListableBeanFactory.java:1658)
	at org.springframework.beans.factory.support.ConstructorResolver.resolveAutowiredArgument(ConstructorResolver.java:912)
	at org.springframework.beans.factory.support.ConstructorResolver.createArgumentArray(ConstructorResolver.java:791)
	... 112 common frames omitted
Caused by: org.springframework.beans.BeanInstantiationException: Failed to instantiate [org.springframework.web.accept.ContentNegotiationManager]: Factory method 'mvcContentNegotiationManager' threw exception with message: Error creating bean with name 'jacksonJsonHttpMessageConvertersCustomizer' defined in class path resource [org/springframework/boot/http/converter/autoconfigure/JacksonHttpMessageConvertersConfiguration$JacksonJsonHttpMessageConverterConfiguration.class]: Unsatisfied dependency expressed through method 'jacksonJsonHttpMessageConvertersCustomizer' parameter 0: Error creating bean with name 'jacksonJsonMapper' defined in class path resource [org/springframework/boot/jackson/autoconfigure/JacksonAutoConfiguration.class]: Unsatisfied dependency expressed through method 'jacksonJsonMapper' parameter 0: Error creating bean with name 'jsonMapperBuilder' defined in class path resource [org/springframework/boot/jackson/autoconfigure/JacksonAutoConfiguration.class]: Unsatisfied dependency expressed through method 'jsonMapperBuilder' parameter 1: Error creating bean with name 'jsonFactory' defined in class path resource [org/springframework/boot/jackson/autoconfigure/JacksonAutoConfiguration.class]: Failed to instantiate [tools.jackson.core.json.JsonFactory]: Factory method 'jsonFactory' threw exception with message: Error creating bean with name 'org.springframework.boot.jackson.autoconfigure.JacksonAutoConfiguration$JacksonJsonCustomizerConfiguration': Unsatisfied dependency expressed through constructor parameter 0: Error creating bean with name 'spring.jackson-org.springframework.boot.jackson.autoconfigure.JacksonProperties': Could not bind properties to 'JacksonProperties' : prefix=spring.jackson, ignoreInvalidFields=false, ignoreUnknownFields=true
	at org.springframework.beans.factory.support.SimpleInstantiationStrategy.lambda$instantiate$0(SimpleInstantiationStrategy.java:183)
	at org.springframework.beans.factory.support.SimpleInstantiationStrategy.instantiateWithFactoryMethod(SimpleInstantiationStrategy.java:72)
	at org.springframework.beans.factory.support.SimpleInstantiationStrategy.instantiate(SimpleInstantiationStrategy.java:152)
	at org.springframework.beans.factory.support.ConstructorResolver.instantiate(ConstructorResolver.java:653)
	... 126 common frames omitted
Caused by: org.springframework.beans.factory.UnsatisfiedDependencyException: Error creating bean with name 'jacksonJsonHttpMessageConvertersCustomizer' defined in class path resource [org/springframework/boot/http/converter/autoconfigure/JacksonHttpMessageConvertersConfiguration$JacksonJsonHttpMessageConverterConfiguration.class]: Unsatisfied dependency expressed through method 'jacksonJsonHttpMessageConvertersCustomizer' parameter 0: Error creating bean with name 'jacksonJsonMapper' defined in class path resource [org/springframework/boot/jackson/autoconfigure/JacksonAutoConfiguration.class]: Unsatisfied dependency expressed through method 'jacksonJsonMapper' parameter 0: Error creating bean with name 'jsonMapperBuilder' defined in class path resource [org/springframework/boot/jackson/autoconfigure/JacksonAutoConfiguration.class]: Unsatisfied dependency expressed through method 'jsonMapperBuilder' parameter 1: Error creating bean with name 'jsonFactory' defined in class path resource [org/springframework/boot/jackson/autoconfigure/JacksonAutoConfiguration.class]: Failed to instantiate [tools.jackson.core.json.JsonFactory]: Factory method 'jsonFactory' threw exception with message: Error creating bean with name 'org.springframework.boot.jackson.autoconfigure.JacksonAutoConfiguration$JacksonJsonCustomizerConfiguration': Unsatisfied dependency expressed through constructor parameter 0: Error creating bean with name 'spring.jackson-org.springframework.boot.jackson.autoconfigure.JacksonProperties': Could not bind properties to 'JacksonProperties' : prefix=spring.jackson, ignoreInvalidFields=false, ignoreUnknownFields=true
	at org.springframework.beans.factory.support.ConstructorResolver.createArgumentArray(ConstructorResolver.java:804)
	at org.springframework.beans.factory.support.ConstructorResolver.instantiateUsingFactoryMethod(ConstructorResolver.java:546)
	at org.springframework.beans.factory.support.AbstractAutowireCapableBeanFactory.instantiateUsingFactoryMethod(AbstractAutowireCapableBeanFactory.java:1360)
	at org.springframework.beans.factory.support.AbstractAutowireCapableBeanFactory.createBeanInstance(AbstractAutowireCapableBeanFactory.java:1192)
	at org.springframework.beans.factory.support.AbstractAutowireCapableBeanFactory.doCreateBean(AbstractAutowireCapableBeanFactory.java:565)
	at org.springframework.beans.factory.support.AbstractAutowireCapableBeanFactory.createBean(AbstractAutowireCapableBeanFactory.java:525)
	at org.springframework.beans.factory.support.AbstractBeanFactory.lambda$doGetBean$0(AbstractBeanFactory.java:333)
	at org.springframework.beans.factory.support.DefaultSingletonBeanRegistry.getSingleton(DefaultSingletonBeanRegistry.java:371)
	at org.springframework.beans.factory.support.AbstractBeanFactory.doGetBean(AbstractBeanFactory.java:331)
	at org.springframework.beans.factory.support.AbstractBeanFactory.getBean(AbstractBeanFactory.java:201)
	at org.springframework.beans.factory.config.DependencyDescriptor.resolveCandidate(DependencyDescriptor.java:229)
	at org.springframework.beans.factory.support.DefaultListableBeanFactory.addCandidateEntry(DefaultListableBeanFactory.java:2022)
	at org.springframework.beans.factory.support.DefaultListableBeanFactory.findAutowireCandidates(DefaultListableBeanFactory.java:1978)
	at org.springframework.beans.factory.support.DefaultListableBeanFactory.resolveMultipleBeans(DefaultListableBeanFactory.java:1799)
	at org.springframework.beans.factory.support.DefaultListableBeanFactory.doResolveDependency(DefaultListableBeanFactory.java:1718)
	at org.springframework.beans.factory.support.DefaultListableBeanFactory$DependencyObjectProvider.resolveStream(DefaultListableBeanFactory.java:2692)
	at org.springframework.beans.factory.support.DefaultListableBeanFactory$DependencyObjectProvider.orderedStream(DefaultListableBeanFactory.java:2686)
	at org.springframework.boot.webmvc.autoconfigure.WebMvcAutoConfiguration$WebMvcAutoConfigurationAdapter.configureMessageConverters(WebMvcAutoConfiguration.java:252)
	at org.springframework.web.servlet.config.annotation.WebMvcConfigurerComposite.configureMessageConverters(WebMvcConfigurerComposite.java:147)
	at org.springframework.web.servlet.config.annotation.DelegatingWebMvcConfiguration.configureMessageConverters(DelegatingWebMvcConfiguration.java:126)
	at org.springframework.web.servlet.config.annotation.WebMvcConfigurationSupport.createMessageConverters(WebMvcConfigurationSupport.java:873)
	at org.springframework.web.servlet.config.annotation.WebMvcConfigurationSupport.addDefaultHttpMessageConverters(WebMvcConfigurationSupport.java:920)
	at org.springframework.web.servlet.config.annotation.WebMvcConfigurationSupport.getMessageConverters(WebMvcConfigurationSupport.java:855)
	at org.springframework.web.servlet.config.annotation.WebMvcConfigurationSupport.getDefaultMediaTypes(WebMvcConfigurationSupport.java:411)
	at org.springframework.web.servlet.config.annotation.WebMvcConfigurationSupport.mvcContentNegotiationManager(WebMvcConfigurationSupport.java:402)
	at java.base/jdk.internal.reflect.DirectMethodHandleAccessor.invoke(DirectMethodHandleAccessor.java:103)
	at java.base/java.lang.reflect.Method.invoke(Method.java:580)
	at org.springframework.beans.factory.support.SimpleInstantiationStrategy.lambda$instantiate$0(SimpleInstantiationStrategy.java:155)
	... 129 common frames omitted
Caused by: org.springframework.beans.factory.UnsatisfiedDependencyException: Error creating bean with name 'jacksonJsonMapper' defined in class path resource [org/springframework/boot/jackson/autoconfigure/JacksonAutoConfiguration.class]: Unsatisfied dependency expressed through method 'jacksonJsonMapper' parameter 0: Error creating bean with name 'jsonMapperBuilder' defined in class path resource [org/springframework/boot/jackson/autoconfigure/JacksonAutoConfiguration.class]: Unsatisfied dependency expressed through method 'jsonMapperBuilder' parameter 1: Error creating bean with name 'jsonFactory' defined in class path resource [org/springframework/boot/jackson/autoconfigure/JacksonAutoConfiguration.class]: Failed to instantiate [tools.jackson.core.json.JsonFactory]: Factory method 'jsonFactory' threw exception with message: Error creating bean with name 'org.springframework.boot.jackson.autoconfigure.JacksonAutoConfiguration$JacksonJsonCustomizerConfiguration': Unsatisfied dependency expressed through constructor parameter 0: Error creating bean with name 'spring.jackson-org.springframework.boot.jackson.autoconfigure.JacksonProperties': Could not bind properties to 'JacksonProperties' : prefix=spring.jackson, ignoreInvalidFields=false, ignoreUnknownFields=true
	at org.springframework.beans.factory.support.ConstructorResolver.createArgumentArray(ConstructorResolver.java:804)
	at org.springframework.beans.factory.support.ConstructorResolver.instantiateUsingFactoryMethod(ConstructorResolver.java:546)
	at org.springframework.beans.factory.support.AbstractAutowireCapableBeanFactory.instantiateUsingFactoryMethod(AbstractAutowireCapableBeanFactory.java:1360)
	at org.springframework.beans.factory.support.AbstractAutowireCapableBeanFactory.createBeanInstance(AbstractAutowireCapableBeanFactory.java:1192)
	at org.springframework.beans.factory.support.AbstractAutowireCapableBeanFactory.doCreateBean(AbstractAutowireCapableBeanFactory.java:565)
	at org.springframework.beans.factory.support.AbstractAutowireCapableBeanFactory.createBean(AbstractAutowireCapableBeanFactory.java:525)
	at org.springframework.beans.factory.support.AbstractBeanFactory.lambda$doGetBean$0(AbstractBeanFactory.java:333)
	at org.springframework.beans.factory.support.DefaultSingletonBeanRegistry.getSingleton(DefaultSingletonBeanRegistry.java:371)
	at org.springframework.beans.factory.support.AbstractBeanFactory.doGetBean(AbstractBeanFactory.java:331)
	at org.springframework.beans.factory.support.AbstractBeanFactory.getBean(AbstractBeanFactory.java:201)
	at org.springframework.beans.factory.config.DependencyDescriptor.resolveCandidate(DependencyDescriptor.java:229)
	at org.springframework.beans.factory.support.DefaultListableBeanFactory.doResolveDependency(DefaultListableBeanFactory.java:1769)
	at org.springframework.beans.factory.support.DefaultListableBeanFactory.resolveDependency(DefaultListableBeanFactory.java:1658)
	at org.springframework.beans.factory.support.ConstructorResolver.resolveAutowiredArgument(ConstructorResolver.java:912)
	at org.springframework.beans.factory.support.ConstructorResolver.createArgumentArray(ConstructorResolver.java:791)
	... 156 common frames omitted
Caused by: org.springframework.beans.factory.UnsatisfiedDependencyException: Error creating bean with name 'jsonMapperBuilder' defined in class path resource [org/springframework/boot/jackson/autoconfigure/JacksonAutoConfiguration.class]: Unsatisfied dependency expressed through method 'jsonMapperBuilder' parameter 1: Error creating bean with name 'jsonFactory' defined in class path resource [org/springframework/boot/jackson/autoconfigure/JacksonAutoConfiguration.class]: Failed to instantiate [tools.jackson.core.json.JsonFactory]: Factory method 'jsonFactory' threw exception with message: Error creating bean with name 'org.springframework.boot.jackson.autoconfigure.JacksonAutoConfiguration$JacksonJsonCustomizerConfiguration': Unsatisfied dependency expressed through constructor parameter 0: Error creating bean with name 'spring.jackson-org.springframework.boot.jackson.autoconfigure.JacksonProperties': Could not bind properties to 'JacksonProperties' : prefix=spring.jackson, ignoreInvalidFields=false, ignoreUnknownFields=true
	at org.springframework.beans.factory.support.ConstructorResolver.createArgumentArray(ConstructorResolver.java:804)
	at org.springframework.beans.factory.support.ConstructorResolver.instantiateUsingFactoryMethod(ConstructorResolver.java:546)
	at org.springframework.beans.factory.support.AbstractAutowireCapableBeanFactory.instantiateUsingFactoryMethod(AbstractAutowireCapableBeanFactory.java:1360)
	at org.springframework.beans.factory.support.AbstractAutowireCapableBeanFactory.createBeanInstance(AbstractAutowireCapableBeanFactory.java:1192)
	at org.springframework.beans.factory.support.AbstractAutowireCapableBeanFactory.doCreateBean(AbstractAutowireCapableBeanFactory.java:565)
	at org.springframework.beans.factory.support.AbstractAutowireCapableBeanFactory.createBean(AbstractAutowireCapableBeanFactory.java:525)
	at org.springframework.beans.factory.support.AbstractBeanFactory.doGetBean(AbstractBeanFactory.java:351)
	at org.springframework.beans.factory.support.AbstractBeanFactory.getBean(AbstractBeanFactory.java:201)
	at org.springframework.beans.factory.config.DependencyDescriptor.resolveCandidate(DependencyDescriptor.java:229)
	at org.springframework.beans.factory.support.DefaultListableBeanFactory.doResolveDependency(DefaultListableBeanFactory.java:1769)
	at org.springframework.beans.factory.support.DefaultListableBeanFactory.resolveDependency(DefaultListableBeanFactory.java:1658)
	at org.springframework.beans.factory.support.ConstructorResolver.resolveAutowiredArgument(ConstructorResolver.java:912)
	at org.springframework.beans.factory.support.ConstructorResolver.createArgumentArray(ConstructorResolver.java:791)
	... 170 common frames omitted
Caused by: org.springframework.beans.factory.BeanCreationException: Error creating bean with name 'jsonFactory' defined in class path resource [org/springframework/boot/jackson/autoconfigure/JacksonAutoConfiguration.class]: Failed to instantiate [tools.jackson.core.json.JsonFactory]: Factory method 'jsonFactory' threw exception with message: Error creating bean with name 'org.springframework.boot.jackson.autoconfigure.JacksonAutoConfiguration$JacksonJsonCustomizerConfiguration': Unsatisfied dependency expressed through constructor parameter 0: Error creating bean with name 'spring.jackson-org.springframework.boot.jackson.autoconfigure.JacksonProperties': Could not bind properties to 'JacksonProperties' : prefix=spring.jackson, ignoreInvalidFields=false, ignoreUnknownFields=true
	at org.springframework.beans.factory.support.ConstructorResolver.instantiate(ConstructorResolver.java:657)
	at org.springframework.beans.factory.support.ConstructorResolver.instantiateUsingFactoryMethod(ConstructorResolver.java:645)
	at org.springframework.beans.factory.support.AbstractAutowireCapableBeanFactory.instantiateUsingFactoryMethod(AbstractAutowireCapableBeanFactory.java:1360)
	at org.springframework.beans.factory.support.AbstractAutowireCapableBeanFactory.createBeanInstance(AbstractAutowireCapableBeanFactory.java:1192)
	at org.springframework.beans.factory.support.AbstractAutowireCapableBeanFactory.doCreateBean(AbstractAutowireCapableBeanFactory.java:565)
	at org.springframework.beans.factory.support.AbstractAutowireCapableBeanFactory.createBean(AbstractAutowireCapableBeanFactory.java:525)
	at org.springframework.beans.factory.support.AbstractBeanFactory.lambda$doGetBean$0(AbstractBeanFactory.java:333)
	at org.springframework.beans.factory.support.DefaultSingletonBeanRegistry.getSingleton(DefaultSingletonBeanRegistry.java:371)
	at org.springframework.beans.factory.support.AbstractBeanFactory.doGetBean(AbstractBeanFactory.java:331)
	at org.springframework.beans.factory.support.AbstractBeanFactory.getBean(AbstractBeanFactory.java:201)
	at org.springframework.beans.factory.support.DefaultListableBeanFactory.resolveBean(DefaultListableBeanFactory.java:1232)
	at org.springframework.beans.factory.support.DefaultListableBeanFactory.doResolveDependency(DefaultListableBeanFactory.java:1711)
	at org.springframework.beans.factory.support.DefaultListableBeanFactory.resolveDependency(DefaultListableBeanFactory.java:1658)
	at org.springframework.beans.factory.support.ConstructorResolver.resolveAutowiredArgument(ConstructorResolver.java:912)
	at org.springframework.beans.factory.support.ConstructorResolver.createArgumentArray(ConstructorResolver.java:791)
	... 182 common frames omitted
Caused by: org.springframework.beans.BeanInstantiationException: Failed to instantiate [tools.jackson.core.json.JsonFactory]: Factory method 'jsonFactory' threw exception with message: Error creating bean with name 'org.springframework.boot.jackson.autoconfigure.JacksonAutoConfiguration$JacksonJsonCustomizerConfiguration': Unsatisfied dependency expressed through constructor parameter 0: Error creating bean with name 'spring.jackson-org.springframework.boot.jackson.autoconfigure.JacksonProperties': Could not bind properties to 'JacksonProperties' : prefix=spring.jackson, ignoreInvalidFields=false, ignoreUnknownFields=true
	at org.springframework.beans.factory.support.SimpleInstantiationStrategy.lambda$instantiate$0(SimpleInstantiationStrategy.java:183)
	at org.springframework.beans.factory.support.SimpleInstantiationStrategy.instantiateWithFactoryMethod(SimpleInstantiationStrategy.java:72)
	at org.springframework.beans.factory.support.SimpleInstantiationStrategy.instantiate(SimpleInstantiationStrategy.java:152)
	at org.springframework.beans.factory.support.ConstructorResolver.instantiate(ConstructorResolver.java:653)
	... 196 common frames omitted
Caused by: org.springframework.beans.factory.UnsatisfiedDependencyException: Error creating bean with name 'org.springframework.boot.jackson.autoconfigure.JacksonAutoConfiguration$JacksonJsonCustomizerConfiguration': Unsatisfied dependency expressed through constructor parameter 0: Error creating bean with name 'spring.jackson-org.springframework.boot.jackson.autoconfigure.JacksonProperties': Could not bind properties to 'JacksonProperties' : prefix=spring.jackson, ignoreInvalidFields=false, ignoreUnknownFields=true
	at org.springframework.beans.factory.support.ConstructorResolver.createArgumentArray(ConstructorResolver.java:804)
	at org.springframework.beans.factory.support.ConstructorResolver.autowireConstructor(ConstructorResolver.java:240)
	at org.springframework.beans.factory.support.AbstractAutowireCapableBeanFactory.autowireConstructor(AbstractAutowireCapableBeanFactory.java:1380)
	at org.springframework.beans.factory.support.AbstractAutowireCapableBeanFactory.createBeanInstance(AbstractAutowireCapableBeanFactory.java:1219)
	at org.springframework.beans.factory.support.AbstractAutowireCapableBeanFactory.doCreateBean(AbstractAutowireCapableBeanFactory.java:565)
	at org.springframework.beans.factory.support.AbstractAutowireCapableBeanFactory.createBean(AbstractAutowireCapableBeanFactory.java:525)
	at org.springframework.beans.factory.support.AbstractBeanFactory.lambda$doGetBean$0(AbstractBeanFactory.java:333)
	at org.springframework.beans.factory.support.DefaultSingletonBeanRegistry.getSingleton(DefaultSingletonBeanRegistry.java:371)
	at org.springframework.beans.factory.support.AbstractBeanFactory.doGetBean(AbstractBeanFactory.java:331)
	at org.springframework.beans.factory.support.AbstractBeanFactory.getBean(AbstractBeanFactory.java:196)
	at org.springframework.beans.factory.support.ConstructorResolver.instantiateUsingFactoryMethod(ConstructorResolver.java:413)
	at org.springframework.beans.factory.support.AbstractAutowireCapableBeanFactory.instantiateUsingFactoryMethod(AbstractAutowireCapableBeanFactory.java:1360)
	at org.springframework.beans.factory.support.AbstractAutowireCapableBeanFactory.createBeanInstance(AbstractAutowireCapableBeanFactory.java:1192)
	at org.springframework.beans.factory.support.AbstractAutowireCapableBeanFactory.doCreateBean(AbstractAutowireCapableBeanFactory.java:565)
	at org.springframework.beans.factory.support.AbstractAutowireCapableBeanFactory.createBean(AbstractAutowireCapableBeanFactory.java:525)
	at org.springframework.beans.factory.support.AbstractBeanFactory.lambda$doGetBean$0(AbstractBeanFactory.java:333)
	at org.springframework.beans.factory.support.DefaultSingletonBeanRegistry.getSingleton(DefaultSingletonBeanRegistry.java:371)
	at org.springframework.beans.factory.support.AbstractBeanFactory.doGetBean(AbstractBeanFactory.java:331)
	at org.springframework.beans.factory.support.AbstractBeanFactory.getBean(AbstractBeanFactory.java:201)
	at org.springframework.beans.factory.config.DependencyDescriptor.resolveCandidate(DependencyDescriptor.java:229)
	at org.springframework.beans.factory.support.DefaultListableBeanFactory.addCandidateEntry(DefaultListableBeanFactory.java:2022)
	at org.springframework.beans.factory.support.DefaultListableBeanFactory.findAutowireCandidates(DefaultListableBeanFactory.java:1978)
	at org.springframework.beans.factory.support.DefaultListableBeanFactory.resolveMultipleBeans(DefaultListableBeanFactory.java:1799)
	at org.springframework.beans.factory.support.DefaultListableBeanFactory.doResolveDependency(DefaultListableBeanFactory.java:1718)
	at org.springframework.beans.factory.support.DefaultListableBeanFactory$DependencyObjectProvider.resolveStream(DefaultListableBeanFactory.java:2692)
	at org.springframework.beans.factory.support.DefaultListableBeanFactory$DependencyObjectProvider.orderedStream(DefaultListableBeanFactory.java:2686)
	at org.springframework.boot.jackson.autoconfigure.JacksonAutoConfiguration.jsonFactory(JacksonAutoConfiguration.java:118)
	at java.base/jdk.internal.reflect.DirectMethodHandleAccessor.invoke(DirectMethodHandleAccessor.java:103)
	at java.base/java.lang.reflect.Method.invoke(Method.java:580)
	at org.springframework.beans.factory.support.SimpleInstantiationStrategy.lambda$instantiate$0(SimpleInstantiationStrategy.java:155)
	... 199 common frames omitted
Caused by: org.springframework.boot.context.properties.ConfigurationPropertiesBindException: Error creating bean with name 'spring.jackson-org.springframework.boot.jackson.autoconfigure.JacksonProperties': Could not bind properties to 'JacksonProperties' : prefix=spring.jackson, ignoreInvalidFields=false, ignoreUnknownFields=true
	at org.springframework.boot.context.properties.ConfigurationPropertiesBindingPostProcessor.bind(ConfigurationPropertiesBindingPostProcessor.java:104)
	at org.springframework.boot.context.properties.ConfigurationPropertiesBindingPostProcessor.postProcessBeforeInitialization(ConfigurationPropertiesBindingPostProcessor.java:84)
	at org.springframework.beans.factory.support.AbstractAutowireCapableBeanFactory.applyBeanPostProcessorsBeforeInitialization(AbstractAutowireCapableBeanFactory.java:426)
	at org.springframework.beans.factory.support.AbstractAutowireCapableBeanFactory.initializeBean(AbstractAutowireCapableBeanFactory.java:1807)
	at org.springframework.beans.factory.support.AbstractAutowireCapableBeanFactory.doCreateBean(AbstractAutowireCapableBeanFactory.java:603)
	at org.springframework.beans.factory.support.AbstractAutowireCapableBeanFactory.createBean(AbstractAutowireCapableBeanFactory.java:525)
	at org.springframework.beans.factory.support.AbstractBeanFactory.lambda$doGetBean$0(AbstractBeanFactory.java:333)
	at org.springframework.beans.factory.support.DefaultSingletonBeanRegistry.getSingleton(DefaultSingletonBeanRegistry.java:371)
	at org.springframework.beans.factory.support.AbstractBeanFactory.doGetBean(AbstractBeanFactory.java:331)
	at org.springframework.beans.factory.support.AbstractBeanFactory.getBean(AbstractBeanFactory.java:201)
	at org.springframework.beans.factory.config.DependencyDescriptor.resolveCandidate(DependencyDescriptor.java:229)
	at org.springframework.beans.factory.support.DefaultListableBeanFactory.doResolveDependency(DefaultListableBeanFactory.java:1769)
	at org.springframework.beans.factory.support.DefaultListableBeanFactory.resolveDependency(DefaultListableBeanFactory.java:1658)
	at org.springframework.beans.factory.support.ConstructorResolver.resolveAutowiredArgument(ConstructorResolver.java:912)
	at org.springframework.beans.factory.support.ConstructorResolver.createArgumentArray(ConstructorResolver.java:791)
	... 228 common frames omitted
Caused by: org.springframework.boot.context.properties.bind.BindException: Failed to bind properties under 'spring.jackson.serialization' to java.util.Map<tools.jackson.databind.SerializationFeature, java.lang.Boolean>
	at org.springframework.boot.context.properties.bind.Binder.handleBindError(Binder.java:419)
	at org.springframework.boot.context.properties.bind.Binder.bind(Binder.java:378)
	at org.springframework.boot.context.properties.bind.Binder.lambda$bindDataObject$0(Binder.java:508)
	at org.springframework.boot.context.properties.bind.JavaBeanBinder.bind(JavaBeanBinder.java:127)
	at org.springframework.boot.context.properties.bind.JavaBeanBinder.bind(JavaBeanBinder.java:115)
	at org.springframework.boot.context.properties.bind.JavaBeanBinder.bind(JavaBeanBinder.java:71)
	at org.springframework.boot.context.properties.bind.Binder.lambda$bindDataObject$2(Binder.java:511)
	at org.springframework.boot.context.properties.bind.Binder.fromDataObjectBinders(Binder.java:521)
	at org.springframework.boot.context.properties.bind.Binder.lambda$bindDataObject$1(Binder.java:510)
	at org.springframework.boot.context.properties.bind.Binder$Context.withIncreasedDepth(Binder.java:636)
	at org.springframework.boot.context.properties.bind.Binder$Context.withDataObject(Binder.java:622)
	at org.springframework.boot.context.properties.bind.Binder.bindDataObject(Binder.java:513)
	at org.springframework.boot.context.properties.bind.Binder.bindObject(Binder.java:448)
	at org.springframework.boot.context.properties.bind.Binder.bind(Binder.java:374)
	at org.springframework.boot.context.properties.bind.Binder.bind(Binder.java:361)
	at org.springframework.boot.context.properties.bind.Binder.bind(Binder.java:288)
	at org.springframework.boot.context.properties.bind.Binder.bind(Binder.java:275)
	at org.springframework.boot.context.properties.ConfigurationPropertiesBinder.bind(ConfigurationPropertiesBinder.java:96)
	at org.springframework.boot.context.properties.ConfigurationPropertiesBindingPostProcessor.bind(ConfigurationPropertiesBindingPostProcessor.java:101)
	... 242 common frames omitted
Caused by: org.springframework.core.convert.ConversionFailedException: Failed to convert from type [java.lang.String] to type [tools.jackson.databind.SerializationFeature] for value [write-dates-as-timestamps]
	at org.springframework.core.convert.support.ConversionUtils.invokeConverter(ConversionUtils.java:47)
	at org.springframework.core.convert.support.GenericConversionService.convert(GenericConversionService.java:181)
	at org.springframework.boot.context.properties.bind.BindConverter.convert(BindConverter.java:111)
	at org.springframework.boot.context.properties.bind.BindConverter.convert(BindConverter.java:102)
	at org.springframework.boot.context.properties.bind.MapBinder$EntryBinder.bindEntries(MapBinder.java:188)
	at org.springframework.boot.context.properties.bind.MapBinder.bindAggregate(MapBinder.java:80)
	at org.springframework.boot.context.properties.bind.AggregateBinder.bind(AggregateBinder.java:59)
	at org.springframework.boot.context.properties.bind.Binder.lambda$bindAggregate$2(Binder.java:472)
	at org.springframework.boot.context.properties.bind.Binder$Context.withIncreasedDepth(Binder.java:636)
	at org.springframework.boot.context.properties.bind.Binder.bindAggregate(Binder.java:473)
	at org.springframework.boot.context.properties.bind.Binder.bindObject(Binder.java:431)
	at org.springframework.boot.context.properties.bind.Binder.bind(Binder.java:374)
	... 259 common frames omitted
Caused by: java.lang.IllegalArgumentException: No enum constant tools.jackson.databind.SerializationFeature.write-dates-as-timestamps
	at org.springframework.boot.convert.LenientObjectToEnumConverterFactory$LenientToEnumConverter.findEnum(LenientObjectToEnumConverterFactory.java:95)
	at org.springframework.boot.convert.LenientObjectToEnumConverterFactory$LenientToEnumConverter.convert(LenientObjectToEnumConverterFactory.java:82)
	at org.springframework.boot.convert.LenientObjectToEnumConverterFactory$LenientToEnumConverter.convert(LenientObjectToEnumConverterFactory.java:63)
	at org.springframework.core.convert.support.GenericConversionService$ConverterFactoryAdapter.convert(GenericConversionService.java:407)
	at org.springframework.core.convert.support.ConversionUtils.invokeConverter(ConversionUtils.java:41)
	... 270 common frames omitted
2026-08-31 23:06:22.591 INFO  [main] [no-trace] c.e.o.OfferPilotApplicationTests - Starting OfferPilotApplicationTests using Java 21.0.11 with PID 61168 (started by oliver in /Users/oliver/IdeaProjects/offer-pilot)
2026-08-31 23:06:22.591 DEBUG [main] [no-trace] c.e.o.OfferPilotApplicationTests - Running with Spring Boot v4.1.1, Spring v7.0.9
2026-08-31 23:06:22.591 INFO  [main] [no-trace] c.e.o.OfferPilotApplicationTests - No active profile set, falling back to 1 default profile: "default"
2026-08-31 23:06:23.410 INFO  [main] [no-trace] c.e.o.storage.config.MinioConfig - 初始化 MinIO 客户端: endpoint=http://14.103.58.208:19001
2026-08-31 23:06:23.491 WARN  [main] [no-trace] c.e.o.s.s.impl.MinioFileStorage - MinIO bucket 初始化失败（MinIO 可能未启动）: Non-XML response from server. Response code: 400, Content-Type: text/xml; charset=utf-8, body: <?xml version="1.0" encoding="UTF-8"?><Error><Code>InvalidArgument</Code><Message>S3 API Requests must be made to API port.</Message><RequestId>0</RequestId></Error>
2026-08-31 23:06:23.560 WARN  [main] [no-trace] o.s.w.c.s.GenericWebApplicationContext - Exception encountered during context initialization - cancelling refresh attempt: org.springframework.beans.factory.UnsatisfiedDependencyException: Error creating bean with name 'requestMappingHandlerMapping' defined in class path resource [org/springframework/boot/webmvc/autoconfigure/WebMvcAutoConfiguration$EnableWebMvcConfiguration.class]: Unsatisfied dependency expressed through method 'requestMappingHandlerMapping' parameter 0: Error creating bean with name 'mvcContentNegotiationManager' defined in class path resource [org/springframework/boot/webmvc/autoconfigure/WebMvcAutoConfiguration$EnableWebMvcConfiguration.class]: Failed to instantiate [org.springframework.web.accept.ContentNegotiationManager]: Factory method 'mvcContentNegotiationManager' threw exception with message: Error creating bean with name 'jacksonJsonHttpMessageConvertersCustomizer' defined in class path resource [org/springframework/boot/http/converter/autoconfigure/JacksonHttpMessageConvertersConfiguration$JacksonJsonHttpMessageConverterConfiguration.class]: Unsatisfied dependency expressed through method 'jacksonJsonHttpMessageConvertersCustomizer' parameter 0: Error creating bean with name 'jacksonJsonMapper' defined in class path resource [org/springframework/boot/jackson/autoconfigure/JacksonAutoConfiguration.class]: Unsatisfied dependency expressed through method 'jacksonJsonMapper' parameter 0: Error creating bean with name 'jsonMapperBuilder' defined in class path resource [org/springframework/boot/jackson/autoconfigure/JacksonAutoConfiguration.class]: Unsatisfied dependency expressed through method 'jsonMapperBuilder' parameter 1: Error creating bean with name 'jsonFactory' defined in class path resource [org/springframework/boot/jackson/autoconfigure/JacksonAutoConfiguration.class]: Failed to instantiate [tools.jackson.core.json.JsonFactory]: Factory method 'jsonFactory' threw exception with message: Error creating bean with name 'org.springframework.boot.jackson.autoconfigure.JacksonAutoConfiguration$JacksonJsonCustomizerConfiguration': Unsatisfied dependency expressed through constructor parameter 0: Error creating bean with name 'spring.jackson-org.springframework.boot.jackson.autoconfigure.JacksonProperties': Could not bind properties to 'JacksonProperties' : prefix=spring.jackson, ignoreInvalidFields=false, ignoreUnknownFields=true
2026-08-31 23:06:23.565 INFO  [main] [no-trace] o.s.b.a.l.ConditionEvaluationReportLogger - 

Error starting ApplicationContext. To display the condition evaluation report re-run your application with 'debug' enabled.
2026-08-31 23:06:23.569 ERROR [main] [no-trace] o.s.b.d.LoggingFailureAnalysisReporter - 

***************************
APPLICATION FAILED TO START
***************************

Description:

Failed to bind properties under 'spring.jackson.serialization' to java.util.Map<tools.jackson.databind.SerializationFeature, java.lang.Boolean>:

    Reason: failed to convert java.lang.String to tools.jackson.databind.SerializationFeature (caused by java.lang.IllegalArgumentException: No enum constant tools.jackson.databind.SerializationFeature.write-dates-as-timestamps)

Action:

Update your application's configuration. The following values are valid:

    APPLY_JSON_INCLUDE_FOR_CONTAINERS
    CLOSE_CLOSEABLE
    EAGER_SERIALIZER_FETCH
    FAIL_ON_EMPTY_BEANS
    FAIL_ON_ORDER_MAP_BY_INCOMPARABLE_KEY
    FAIL_ON_SELF_REFERENCES
    FAIL_ON_UNWRAPPED_TYPE_IDENTIFIERS
    FLUSH_AFTER_WRITE_VALUE
    INDENT_OUTPUT
    ORDER_MAP_ENTRIES_BY_KEYS
    USE_EQUALITY_FOR_OBJECT_ID
    WRAP_EXCEPTIONS
    WRAP_ROOT_VALUE
    WRITE_CHAR_ARRAYS_AS_JSON_ARRAYS
    WRITE_EMPTY_JSON_ARRAYS
    WRITE_SELF_REFERENCES_AS_NULL
    WRITE_SINGLE_ELEM_ARRAYS_UNWRAPPED

2026-08-31 23:06:23.570 WARN  [main] [no-trace] o.s.test.context.TestContextManager - Caught exception while allowing TestExecutionListener [org.springframework.test.context.web.ServletTestExecutionListener] to prepare test instance [com.eyki.offerpilot.OfferPilotApplicationTests@21b4d9c5]
java.lang.IllegalStateException: Failed to load ApplicationContext for [WebMergedContextConfiguration@40bc89e4 testClass = com.eyki.offerpilot.OfferPilotApplicationTests, locations = [], classes = [com.eyki.offerpilot.OfferPilotApplication], contextInitializerClasses = [], activeProfiles = [], propertySourceDescriptors = [], propertySourceProperties = ["org.springframework.boot.test.context.SpringBootTestContextBootstrapper=true"], contextCustomizers = [org.springframework.boot.web.server.context.SpringBootTestRandomPortContextCustomizer@1db6297f, org.springframework.boot.test.context.PropertyMappingContextCustomizer@0, org.springframework.boot.test.context.filter.ExcludeFilterContextCustomizer@3560048c, org.springframework.boot.test.http.client.DisableReactorResourceFactoryGlobalResourcesContextCustomizerFactory$DisableReactorResourceFactoryGlobalResourcesContextCustomizerCustomizer@557c622c, org.springframework.boot.test.json.DuplicateJsonObjectContextCustomizerFactory$DuplicateJsonObjectContextCustomizer@1f6fad50, org.springframework.boot.test.autoconfigure.OnFailureConditionReportContextCustomizerFactory$OnFailureConditionReportContextCustomizer@55bec86d, org.springframework.test.context.support.DynamicPropertiesContextCustomizer@0, org.springframework.boot.test.context.SpringBootTestAnnotation@c5e9008d], resourceBasePath = "src/main/webapp", contextLoader = org.springframework.boot.test.context.SpringBootContextLoader, parent = null]
	at org.springframework.test.context.cache.DefaultCacheAwareContextLoaderDelegate.lambda$loadContext$0(DefaultCacheAwareContextLoaderDelegate.java:195)
	at org.springframework.test.context.cache.DefaultContextCache.put(DefaultContextCache.java:214)
	at org.springframework.test.context.cache.DefaultCacheAwareContextLoaderDelegate.loadContext(DefaultCacheAwareContextLoaderDelegate.java:160)
	at org.springframework.test.context.support.DefaultTestContext.getApplicationContext(DefaultTestContext.java:128)
	at org.springframework.test.context.web.ServletTestExecutionListener.setUpRequestContextIfNecessary(ServletTestExecutionListener.java:200)
	at org.springframework.test.context.web.ServletTestExecutionListener.prepareTestInstance(ServletTestExecutionListener.java:139)
	at org.springframework.test.context.TestContextManager.prepareTestInstance(TestContextManager.java:260)
	at org.springframework.test.context.junit.jupiter.SpringExtension.postProcessTestInstance(SpringExtension.java:242)
	at org.junit.jupiter.engine.descriptor.ClassBasedTestDescriptor.lambda$invokeTestInstancePostProcessors$1(ClassBasedTestDescriptor.java:423)
	at org.junit.jupiter.engine.descriptor.ClassBasedTestDescriptor.executeAndMaskThrowable(ClassBasedTestDescriptor.java:428)
	at org.junit.jupiter.engine.descriptor.ClassBasedTestDescriptor.lambda$invokeTestInstancePostProcessors$0(ClassBasedTestDescriptor.java:422)
	at java.base/java.util.stream.ForEachOps$ForEachOp$OfRef.accept(ForEachOps.java:184)
	at java.base/java.util.stream.ReferencePipeline$3$1.accept(ReferencePipeline.java:197)
	at java.base/java.util.stream.ReferencePipeline$2$1.accept(ReferencePipeline.java:179)
	at java.base/java.util.stream.ReferencePipeline$3$1.accept(ReferencePipeline.java:197)
	at java.base/java.util.ArrayList$ArrayListSpliterator.forEachRemaining(ArrayList.java:1708)
	at java.base/java.util.stream.AbstractPipeline.copyInto(AbstractPipeline.java:509)
	at java.base/java.util.stream.AbstractPipeline.wrapAndCopyInto(AbstractPipeline.java:499)
	at java.base/java.util.stream.ForEachOps$ForEachOp.evaluateSequential(ForEachOps.java:151)
	at java.base/java.util.stream.ForEachOps$ForEachOp$OfRef.evaluateSequential(ForEachOps.java:174)
	at java.base/java.util.stream.AbstractPipeline.evaluate(AbstractPipeline.java:234)
	at java.base/java.util.stream.ReferencePipeline.forEach(ReferencePipeline.java:596)
	at org.junit.jupiter.engine.descriptor.ClassBasedTestDescriptor.invokeTestInstancePostProcessors(ClassBasedTestDescriptor.java:422)
	at org.junit.jupiter.engine.descriptor.ClassBasedTestDescriptor.lambda$instantiateAndPostProcessTestInstance$0(ClassBasedTestDescriptor.java:334)
	at org.junit.platform.engine.support.hierarchical.ThrowableCollector.execute(ThrowableCollector.java:74)
	at org.junit.jupiter.engine.descriptor.ClassBasedTestDescriptor.instantiateAndPostProcessTestInstance(ClassBasedTestDescriptor.java:333)
	at org.junit.jupiter.engine.descriptor.ClassBasedTestDescriptor.lambda$testInstancesProvider$1(ClassBasedTestDescriptor.java:322)
	at java.base/java.util.Optional.orElseGet(Optional.java:364)
	at org.junit.jupiter.engine.descriptor.ClassBasedTestDescriptor.lambda$testInstancesProvider$0(ClassBasedTestDescriptor.java:321)
	at org.junit.jupiter.engine.execution.TestInstancesProvider.getTestInstances(TestInstancesProvider.java:27)
	at org.junit.jupiter.engine.descriptor.TestMethodTestDescriptor.lambda$prepare$0(TestMethodTestDescriptor.java:127)
	at org.junit.platform.engine.support.hierarchical.ThrowableCollector.execute(ThrowableCollector.java:74)
	at org.junit.jupiter.engine.descriptor.TestMethodTestDescriptor.prepare(TestMethodTestDescriptor.java:126)
	at org.junit.jupiter.engine.descriptor.TestMethodTestDescriptor.prepare(TestMethodTestDescriptor.java:70)
	at org.junit.platform.engine.support.hierarchical.NodeTestTask.lambda$prepare$0(NodeTestTask.java:144)
	at org.junit.platform.engine.support.hierarchical.ThrowableCollector.execute(ThrowableCollector.java:74)
	at org.junit.platform.engine.support.hierarchical.NodeTestTask.prepare(NodeTestTask.java:144)
	at org.junit.platform.engine.support.hierarchical.NodeTestTask.execute(NodeTestTask.java:110)
	at java.base/java.util.ArrayList.forEach(ArrayList.java:1596)
	at org.junit.platform.engine.support.hierarchical.SameThreadHierarchicalTestExecutorService.invokeAll(SameThreadHierarchicalTestExecutorService.java:42)
	at org.junit.platform.engine.support.hierarchical.NodeTestTask.lambda$executeRecursively$2(NodeTestTask.java:180)
	at org.junit.platform.engine.support.hierarchical.ThrowableCollector.execute(ThrowableCollector.java:74)
	at org.junit.platform.engine.support.hierarchical.NodeTestTask.lambda$executeRecursively$1(NodeTestTask.java:166)
	at org.junit.platform.engine.support.hierarchical.Node.around(Node.java:138)
	at org.junit.platform.engine.support.hierarchical.NodeTestTask.lambda$executeRecursively$0(NodeTestTask.java:164)
	at org.junit.platform.engine.support.hierarchical.ThrowableCollector.execute(ThrowableCollector.java:74)
	at org.junit.platform.engine.support.hierarchical.NodeTestTask.executeRecursively(NodeTestTask.java:163)
	at org.junit.platform.engine.support.hierarchical.NodeTestTask.execute(NodeTestTask.java:116)
	at java.base/java.util.ArrayList.forEach(ArrayList.java:1596)
	at org.junit.platform.engine.support.hierarchical.SameThreadHierarchicalTestExecutorService.invokeAll(SameThreadHierarchicalTestExecutorService.java:42)
	at org.junit.platform.engine.support.hierarchical.NodeTestTask.lambda$executeRecursively$2(NodeTestTask.java:180)
	at org.junit.platform.engine.support.hierarchical.ThrowableCollector.execute(ThrowableCollector.java:74)
	at org.junit.platform.engine.support.hierarchical.NodeTestTask.lambda$executeRecursively$1(NodeTestTask.java:166)
	at org.junit.platform.engine.support.hierarchical.Node.around(Node.java:138)
	at org.junit.platform.engine.support.hierarchical.NodeTestTask.lambda$executeRecursively$0(NodeTestTask.java:164)
	at org.junit.platform.engine.support.hierarchical.ThrowableCollector.execute(ThrowableCollector.java:74)
	at org.junit.platform.engine.support.hierarchical.NodeTestTask.executeRecursively(NodeTestTask.java:163)
	at org.junit.platform.engine.support.hierarchical.NodeTestTask.execute(NodeTestTask.java:116)
	at org.junit.platform.engine.support.hierarchical.SameThreadHierarchicalTestExecutorService.submit(SameThreadHierarchicalTestExecutorService.java:36)
	at org.junit.platform.engine.support.hierarchical.HierarchicalTestExecutor.execute(HierarchicalTestExecutor.java:52)
	at org.junit.platform.engine.support.hierarchical.HierarchicalTestEngine.execute(HierarchicalTestEngine.java:58)
	at org.junit.platform.launcher.core.EngineExecutionOrchestrator.executeEngine(EngineExecutionOrchestrator.java:246)
	at org.junit.platform.launcher.core.EngineExecutionOrchestrator.failOrExecuteEngine(EngineExecutionOrchestrator.java:218)
	at org.junit.platform.launcher.core.EngineExecutionOrchestrator.execute(EngineExecutionOrchestrator.java:179)
	at org.junit.platform.launcher.core.EngineExecutionOrchestrator.execute(EngineExecutionOrchestrator.java:108)
	at org.junit.platform.launcher.core.EngineExecutionOrchestrator.lambda$execute$0(EngineExecutionOrchestrator.java:66)
	at org.junit.platform.launcher.core.EngineExecutionOrchestrator.withInterceptedStreams(EngineExecutionOrchestrator.java:157)
	at org.junit.platform.launcher.core.EngineExecutionOrchestrator.execute(EngineExecutionOrchestrator.java:65)
	at org.junit.platform.launcher.core.DefaultLauncher.execute(DefaultLauncher.java:125)
	at org.junit.platform.launcher.core.DefaultLauncher.execute(DefaultLauncher.java:114)
	at org.junit.platform.launcher.core.DelegatingLauncher.execute(DelegatingLauncher.java:58)
	at org.junit.platform.launcher.core.InterceptingLauncher.lambda$execute$2(InterceptingLauncher.java:57)
	at org.junit.platform.launcher.core.ClasspathAlignmentCheckingLauncherInterceptor.intercept(ClasspathAlignmentCheckingLauncherInterceptor.java:25)
	at org.junit.platform.launcher.core.InterceptingLauncher.execute(InterceptingLauncher.java:56)
	at org.junit.platform.launcher.core.DelegatingLauncher.execute(DelegatingLauncher.java:58)
	at java.base/jdk.internal.reflect.DirectMethodHandleAccessor.invoke(DirectMethodHandleAccessor.java:103)
	at java.base/java.lang.reflect.Method.invoke(Method.java:580)
	at org.apache.maven.surefire.api.util.ReflectionUtils.invokeMethodWithArray(ReflectionUtils.java:125)
	at org.apache.maven.surefire.junitplatform.LauncherAdapter.executeWithCancellationToken(LauncherAdapter.java:68)
	at org.apache.maven.surefire.junitplatform.LauncherAdapter.execute(LauncherAdapter.java:54)
	at org.apache.maven.surefire.junitplatform.JUnitPlatformProvider.execute(JUnitPlatformProvider.java:203)
	at org.apache.maven.surefire.junitplatform.JUnitPlatformProvider.invokeAllTests(JUnitPlatformProvider.java:168)
	at org.apache.maven.surefire.junitplatform.JUnitPlatformProvider.invoke(JUnitPlatformProvider.java:136)
	at org.apache.maven.surefire.booter.ForkedBooter.runSuitesInProcess(ForkedBooter.java:385)
	at org.apache.maven.surefire.booter.ForkedBooter.execute(ForkedBooter.java:162)
	at org.apache.maven.surefire.booter.ForkedBooter.run(ForkedBooter.java:507)
	at org.apache.maven.surefire.booter.ForkedBooter.main(ForkedBooter.java:495)
Caused by: org.springframework.beans.factory.UnsatisfiedDependencyException: Error creating bean with name 'requestMappingHandlerMapping' defined in class path resource [org/springframework/boot/webmvc/autoconfigure/WebMvcAutoConfiguration$EnableWebMvcConfiguration.class]: Unsatisfied dependency expressed through method 'requestMappingHandlerMapping' parameter 0: Error creating bean with name 'mvcContentNegotiationManager' defined in class path resource [org/springframework/boot/webmvc/autoconfigure/WebMvcAutoConfiguration$EnableWebMvcConfiguration.class]: Failed to instantiate [org.springframework.web.accept.ContentNegotiationManager]: Factory method 'mvcContentNegotiationManager' threw exception with message: Error creating bean with name 'jacksonJsonHttpMessageConvertersCustomizer' defined in class path resource [org/springframework/boot/http/converter/autoconfigure/JacksonHttpMessageConvertersConfiguration$JacksonJsonHttpMessageConverterConfiguration.class]: Unsatisfied dependency expressed through method 'jacksonJsonHttpMessageConvertersCustomizer' parameter 0: Error creating bean with name 'jacksonJsonMapper' defined in class path resource [org/springframework/boot/jackson/autoconfigure/JacksonAutoConfiguration.class]: Unsatisfied dependency expressed through method 'jacksonJsonMapper' parameter 0: Error creating bean with name 'jsonMapperBuilder' defined in class path resource [org/springframework/boot/jackson/autoconfigure/JacksonAutoConfiguration.class]: Unsatisfied dependency expressed through method 'jsonMapperBuilder' parameter 1: Error creating bean with name 'jsonFactory' defined in class path resource [org/springframework/boot/jackson/autoconfigure/JacksonAutoConfiguration.class]: Failed to instantiate [tools.jackson.core.json.JsonFactory]: Factory method 'jsonFactory' threw exception with message: Error creating bean with name 'org.springframework.boot.jackson.autoconfigure.JacksonAutoConfiguration$JacksonJsonCustomizerConfiguration': Unsatisfied dependency expressed through constructor parameter 0: Error creating bean with name 'spring.jackson-org.springframework.boot.jackson.autoconfigure.JacksonProperties': Could not bind properties to 'JacksonProperties' : prefix=spring.jackson, ignoreInvalidFields=false, ignoreUnknownFields=true
	at org.springframework.beans.factory.support.ConstructorResolver.createArgumentArray(ConstructorResolver.java:804)
	at org.springframework.beans.factory.support.ConstructorResolver.instantiateUsingFactoryMethod(ConstructorResolver.java:546)
	at org.springframework.beans.factory.support.AbstractAutowireCapableBeanFactory.instantiateUsingFactoryMethod(AbstractAutowireCapableBeanFactory.java:1360)
	at org.springframework.beans.factory.support.AbstractAutowireCapableBeanFactory.createBeanInstance(AbstractAutowireCapableBeanFactory.java:1192)
	at org.springframework.beans.factory.support.AbstractAutowireCapableBeanFactory.doCreateBean(AbstractAutowireCapableBeanFactory.java:565)
	at org.springframework.beans.factory.support.AbstractAutowireCapableBeanFactory.createBean(AbstractAutowireCapableBeanFactory.java:525)
	at org.springframework.beans.factory.support.AbstractBeanFactory.lambda$doGetBean$0(AbstractBeanFactory.java:333)
	at org.springframework.beans.factory.support.DefaultSingletonBeanRegistry.getSingleton(DefaultSingletonBeanRegistry.java:371)
	at org.springframework.beans.factory.support.AbstractBeanFactory.doGetBean(AbstractBeanFactory.java:331)
	at org.springframework.beans.factory.support.AbstractBeanFactory.getBean(AbstractBeanFactory.java:196)
	at org.springframework.beans.factory.support.DefaultListableBeanFactory.instantiateSingleton(DefaultListableBeanFactory.java:1225)
	at org.springframework.beans.factory.support.DefaultListableBeanFactory.preInstantiateSingleton(DefaultListableBeanFactory.java:1191)
	at org.springframework.beans.factory.support.DefaultListableBeanFactory.preInstantiateSingletons(DefaultListableBeanFactory.java:1121)
	at org.springframework.context.support.AbstractApplicationContext.finishBeanFactoryInitialization(AbstractApplicationContext.java:994)
	at org.springframework.context.support.AbstractApplicationContext.refresh(AbstractApplicationContext.java:621)
	at org.springframework.boot.SpringApplication.refresh(SpringApplication.java:756)
	at org.springframework.boot.SpringApplication.refreshContext(SpringApplication.java:445)
	at org.springframework.boot.SpringApplication.run(SpringApplication.java:321)
	at org.springframework.boot.test.context.SpringBootContextLoader.lambda$loadContext$2(SpringBootContextLoader.java:155)
	at org.springframework.util.function.ThrowingSupplier.get(ThrowingSupplier.java:58)
	at org.springframework.util.function.ThrowingSupplier.get(ThrowingSupplier.java:46)
	at org.springframework.boot.SpringApplication.withHook(SpringApplication.java:1465)
	at org.springframework.boot.test.context.SpringBootContextLoader$ContextLoaderHook.run(SpringBootContextLoader.java:600)
	at org.springframework.boot.test.context.SpringBootContextLoader.loadContext(SpringBootContextLoader.java:155)
	at org.springframework.boot.test.context.SpringBootContextLoader.loadContext(SpringBootContextLoader.java:114)
	at org.springframework.test.context.cache.DefaultCacheAwareContextLoaderDelegate.loadContextInternal(DefaultCacheAwareContextLoaderDelegate.java:247)
	at org.springframework.test.context.cache.DefaultCacheAwareContextLoaderDelegate.lambda$loadContext$0(DefaultCacheAwareContextLoaderDelegate.java:167)
	... 86 common frames omitted
Caused by: org.springframework.beans.factory.BeanCreationException: Error creating bean with name 'mvcContentNegotiationManager' defined in class path resource [org/springframework/boot/webmvc/autoconfigure/WebMvcAutoConfiguration$EnableWebMvcConfiguration.class]: Failed to instantiate [org.springframework.web.accept.ContentNegotiationManager]: Factory method 'mvcContentNegotiationManager' threw exception with message: Error creating bean with name 'jacksonJsonHttpMessageConvertersCustomizer' defined in class path resource [org/springframework/boot/http/converter/autoconfigure/JacksonHttpMessageConvertersConfiguration$JacksonJsonHttpMessageConverterConfiguration.class]: Unsatisfied dependency expressed through method 'jacksonJsonHttpMessageConvertersCustomizer' parameter 0: Error creating bean with name 'jacksonJsonMapper' defined in class path resource [org/springframework/boot/jackson/autoconfigure/JacksonAutoConfiguration.class]: Unsatisfied dependency expressed through method 'jacksonJsonMapper' parameter 0: Error creating bean with name 'jsonMapperBuilder' defined in class path resource [org/springframework/boot/jackson/autoconfigure/JacksonAutoConfiguration.class]: Unsatisfied dependency expressed through method 'jsonMapperBuilder' parameter 1: Error creating bean with name 'jsonFactory' defined in class path resource [org/springframework/boot/jackson/autoconfigure/JacksonAutoConfiguration.class]: Failed to instantiate [tools.jackson.core.json.JsonFactory]: Factory method 'jsonFactory' threw exception with message: Error creating bean with name 'org.springframework.boot.jackson.autoconfigure.JacksonAutoConfiguration$JacksonJsonCustomizerConfiguration': Unsatisfied dependency expressed through constructor parameter 0: Error creating bean with name 'spring.jackson-org.springframework.boot.jackson.autoconfigure.JacksonProperties': Could not bind properties to 'JacksonProperties' : prefix=spring.jackson, ignoreInvalidFields=false, ignoreUnknownFields=true
	at org.springframework.beans.factory.support.ConstructorResolver.instantiate(ConstructorResolver.java:657)
	at org.springframework.beans.factory.support.ConstructorResolver.instantiateUsingFactoryMethod(ConstructorResolver.java:489)
	at org.springframework.beans.factory.support.AbstractAutowireCapableBeanFactory.instantiateUsingFactoryMethod(AbstractAutowireCapableBeanFactory.java:1360)
	at org.springframework.beans.factory.support.AbstractAutowireCapableBeanFactory.createBeanInstance(AbstractAutowireCapableBeanFactory.java:1192)
	at org.springframework.beans.factory.support.AbstractAutowireCapableBeanFactory.doCreateBean(AbstractAutowireCapableBeanFactory.java:565)
	at org.springframework.beans.factory.support.AbstractAutowireCapableBeanFactory.createBean(AbstractAutowireCapableBeanFactory.java:525)
	at org.springframework.beans.factory.support.AbstractBeanFactory.lambda$doGetBean$0(AbstractBeanFactory.java:333)
	at org.springframework.beans.factory.support.DefaultSingletonBeanRegistry.getSingleton(DefaultSingletonBeanRegistry.java:371)
	at org.springframework.beans.factory.support.AbstractBeanFactory.doGetBean(AbstractBeanFactory.java:331)
	at org.springframework.beans.factory.support.AbstractBeanFactory.getBean(AbstractBeanFactory.java:201)
	at org.springframework.beans.factory.support.DefaultListableBeanFactory.resolveBean(DefaultListableBeanFactory.java:1232)
	at org.springframework.beans.factory.support.DefaultListableBeanFactory.doResolveDependency(DefaultListableBeanFactory.java:1711)
	at org.springframework.beans.factory.support.DefaultListableBeanFactory.resolveDependency(DefaultListableBeanFactory.java:1658)
	at org.springframework.beans.factory.support.ConstructorResolver.resolveAutowiredArgument(ConstructorResolver.java:912)
	at org.springframework.beans.factory.support.ConstructorResolver.createArgumentArray(ConstructorResolver.java:791)
	... 112 common frames omitted
Caused by: org.springframework.beans.BeanInstantiationException: Failed to instantiate [org.springframework.web.accept.ContentNegotiationManager]: Factory method 'mvcContentNegotiationManager' threw exception with message: Error creating bean with name 'jacksonJsonHttpMessageConvertersCustomizer' defined in class path resource [org/springframework/boot/http/converter/autoconfigure/JacksonHttpMessageConvertersConfiguration$JacksonJsonHttpMessageConverterConfiguration.class]: Unsatisfied dependency expressed through method 'jacksonJsonHttpMessageConvertersCustomizer' parameter 0: Error creating bean with name 'jacksonJsonMapper' defined in class path resource [org/springframework/boot/jackson/autoconfigure/JacksonAutoConfiguration.class]: Unsatisfied dependency expressed through method 'jacksonJsonMapper' parameter 0: Error creating bean with name 'jsonMapperBuilder' defined in class path resource [org/springframework/boot/jackson/autoconfigure/JacksonAutoConfiguration.class]: Unsatisfied dependency expressed through method 'jsonMapperBuilder' parameter 1: Error creating bean with name 'jsonFactory' defined in class path resource [org/springframework/boot/jackson/autoconfigure/JacksonAutoConfiguration.class]: Failed to instantiate [tools.jackson.core.json.JsonFactory]: Factory method 'jsonFactory' threw exception with message: Error creating bean with name 'org.springframework.boot.jackson.autoconfigure.JacksonAutoConfiguration$JacksonJsonCustomizerConfiguration': Unsatisfied dependency expressed through constructor parameter 0: Error creating bean with name 'spring.jackson-org.springframework.boot.jackson.autoconfigure.JacksonProperties': Could not bind properties to 'JacksonProperties' : prefix=spring.jackson, ignoreInvalidFields=false, ignoreUnknownFields=true
	at org.springframework.beans.factory.support.SimpleInstantiationStrategy.lambda$instantiate$0(SimpleInstantiationStrategy.java:183)
	at org.springframework.beans.factory.support.SimpleInstantiationStrategy.instantiateWithFactoryMethod(SimpleInstantiationStrategy.java:72)
	at org.springframework.beans.factory.support.SimpleInstantiationStrategy.instantiate(SimpleInstantiationStrategy.java:152)
	at org.springframework.beans.factory.support.ConstructorResolver.instantiate(ConstructorResolver.java:653)
	... 126 common frames omitted
Caused by: org.springframework.beans.factory.UnsatisfiedDependencyException: Error creating bean with name 'jacksonJsonHttpMessageConvertersCustomizer' defined in class path resource [org/springframework/boot/http/converter/autoconfigure/JacksonHttpMessageConvertersConfiguration$JacksonJsonHttpMessageConverterConfiguration.class]: Unsatisfied dependency expressed through method 'jacksonJsonHttpMessageConvertersCustomizer' parameter 0: Error creating bean with name 'jacksonJsonMapper' defined in class path resource [org/springframework/boot/jackson/autoconfigure/JacksonAutoConfiguration.class]: Unsatisfied dependency expressed through method 'jacksonJsonMapper' parameter 0: Error creating bean with name 'jsonMapperBuilder' defined in class path resource [org/springframework/boot/jackson/autoconfigure/JacksonAutoConfiguration.class]: Unsatisfied dependency expressed through method 'jsonMapperBuilder' parameter 1: Error creating bean with name 'jsonFactory' defined in class path resource [org/springframework/boot/jackson/autoconfigure/JacksonAutoConfiguration.class]: Failed to instantiate [tools.jackson.core.json.JsonFactory]: Factory method 'jsonFactory' threw exception with message: Error creating bean with name 'org.springframework.boot.jackson.autoconfigure.JacksonAutoConfiguration$JacksonJsonCustomizerConfiguration': Unsatisfied dependency expressed through constructor parameter 0: Error creating bean with name 'spring.jackson-org.springframework.boot.jackson.autoconfigure.JacksonProperties': Could not bind properties to 'JacksonProperties' : prefix=spring.jackson, ignoreInvalidFields=false, ignoreUnknownFields=true
	at org.springframework.beans.factory.support.ConstructorResolver.createArgumentArray(ConstructorResolver.java:804)
	at org.springframework.beans.factory.support.ConstructorResolver.instantiateUsingFactoryMethod(ConstructorResolver.java:546)
	at org.springframework.beans.factory.support.AbstractAutowireCapableBeanFactory.instantiateUsingFactoryMethod(AbstractAutowireCapableBeanFactory.java:1360)
	at org.springframework.beans.factory.support.AbstractAutowireCapableBeanFactory.createBeanInstance(AbstractAutowireCapableBeanFactory.java:1192)
	at org.springframework.beans.factory.support.AbstractAutowireCapableBeanFactory.doCreateBean(AbstractAutowireCapableBeanFactory.java:565)
	at org.springframework.beans.factory.support.AbstractAutowireCapableBeanFactory.createBean(AbstractAutowireCapableBeanFactory.java:525)
	at org.springframework.beans.factory.support.AbstractBeanFactory.lambda$doGetBean$0(AbstractBeanFactory.java:333)
	at org.springframework.beans.factory.support.DefaultSingletonBeanRegistry.getSingleton(DefaultSingletonBeanRegistry.java:371)
	at org.springframework.beans.factory.support.AbstractBeanFactory.doGetBean(AbstractBeanFactory.java:331)
	at org.springframework.beans.factory.support.AbstractBeanFactory.getBean(AbstractBeanFactory.java:201)
	at org.springframework.beans.factory.config.DependencyDescriptor.resolveCandidate(DependencyDescriptor.java:229)
	at org.springframework.beans.factory.support.DefaultListableBeanFactory.addCandidateEntry(DefaultListableBeanFactory.java:2022)
	at org.springframework.beans.factory.support.DefaultListableBeanFactory.findAutowireCandidates(DefaultListableBeanFactory.java:1978)
	at org.springframework.beans.factory.support.DefaultListableBeanFactory.resolveMultipleBeans(DefaultListableBeanFactory.java:1799)
	at org.springframework.beans.factory.support.DefaultListableBeanFactory.doResolveDependency(DefaultListableBeanFactory.java:1718)
	at org.springframework.beans.factory.support.DefaultListableBeanFactory$DependencyObjectProvider.resolveStream(DefaultListableBeanFactory.java:2692)
	at org.springframework.beans.factory.support.DefaultListableBeanFactory$DependencyObjectProvider.orderedStream(DefaultListableBeanFactory.java:2686)
	at org.springframework.boot.webmvc.autoconfigure.WebMvcAutoConfiguration$WebMvcAutoConfigurationAdapter.configureMessageConverters(WebMvcAutoConfiguration.java:252)
	at org.springframework.web.servlet.config.annotation.WebMvcConfigurerComposite.configureMessageConverters(WebMvcConfigurerComposite.java:147)
	at org.springframework.web.servlet.config.annotation.DelegatingWebMvcConfiguration.configureMessageConverters(DelegatingWebMvcConfiguration.java:126)
	at org.springframework.web.servlet.config.annotation.WebMvcConfigurationSupport.createMessageConverters(WebMvcConfigurationSupport.java:873)
	at org.springframework.web.servlet.config.annotation.WebMvcConfigurationSupport.addDefaultHttpMessageConverters(WebMvcConfigurationSupport.java:920)
	at org.springframework.web.servlet.config.annotation.WebMvcConfigurationSupport.getMessageConverters(WebMvcConfigurationSupport.java:855)
	at org.springframework.web.servlet.config.annotation.WebMvcConfigurationSupport.getDefaultMediaTypes(WebMvcConfigurationSupport.java:411)
	at org.springframework.web.servlet.config.annotation.WebMvcConfigurationSupport.mvcContentNegotiationManager(WebMvcConfigurationSupport.java:402)
	at java.base/jdk.internal.reflect.DirectMethodHandleAccessor.invoke(DirectMethodHandleAccessor.java:103)
	at java.base/java.lang.reflect.Method.invoke(Method.java:580)
	at org.springframework.beans.factory.support.SimpleInstantiationStrategy.lambda$instantiate$0(SimpleInstantiationStrategy.java:155)
	... 129 common frames omitted
Caused by: org.springframework.beans.factory.UnsatisfiedDependencyException: Error creating bean with name 'jacksonJsonMapper' defined in class path resource [org/springframework/boot/jackson/autoconfigure/JacksonAutoConfiguration.class]: Unsatisfied dependency expressed through method 'jacksonJsonMapper' parameter 0: Error creating bean with name 'jsonMapperBuilder' defined in class path resource [org/springframework/boot/jackson/autoconfigure/JacksonAutoConfiguration.class]: Unsatisfied dependency expressed through method 'jsonMapperBuilder' parameter 1: Error creating bean with name 'jsonFactory' defined in class path resource [org/springframework/boot/jackson/autoconfigure/JacksonAutoConfiguration.class]: Failed to instantiate [tools.jackson.core.json.JsonFactory]: Factory method 'jsonFactory' threw exception with message: Error creating bean with name 'org.springframework.boot.jackson.autoconfigure.JacksonAutoConfiguration$JacksonJsonCustomizerConfiguration': Unsatisfied dependency expressed through constructor parameter 0: Error creating bean with name 'spring.jackson-org.springframework.boot.jackson.autoconfigure.JacksonProperties': Could not bind properties to 'JacksonProperties' : prefix=spring.jackson, ignoreInvalidFields=false, ignoreUnknownFields=true
	at org.springframework.beans.factory.support.ConstructorResolver.createArgumentArray(ConstructorResolver.java:804)
	at org.springframework.beans.factory.support.ConstructorResolver.instantiateUsingFactoryMethod(ConstructorResolver.java:546)
	at org.springframework.beans.factory.support.AbstractAutowireCapableBeanFactory.instantiateUsingFactoryMethod(AbstractAutowireCapableBeanFactory.java:1360)
	at org.springframework.beans.factory.support.AbstractAutowireCapableBeanFactory.createBeanInstance(AbstractAutowireCapableBeanFactory.java:1192)
	at org.springframework.beans.factory.support.AbstractAutowireCapableBeanFactory.doCreateBean(AbstractAutowireCapableBeanFactory.java:565)
	at org.springframework.beans.factory.support.AbstractAutowireCapableBeanFactory.createBean(AbstractAutowireCapableBeanFactory.java:525)
	at org.springframework.beans.factory.support.AbstractBeanFactory.lambda$doGetBean$0(AbstractBeanFactory.java:333)
	at org.springframework.beans.factory.support.DefaultSingletonBeanRegistry.getSingleton(DefaultSingletonBeanRegistry.java:371)
	at org.springframework.beans.factory.support.AbstractBeanFactory.doGetBean(AbstractBeanFactory.java:331)
	at org.springframework.beans.factory.support.AbstractBeanFactory.getBean(AbstractBeanFactory.java:201)
	at org.springframework.beans.factory.config.DependencyDescriptor.resolveCandidate(DependencyDescriptor.java:229)
	at org.springframework.beans.factory.support.DefaultListableBeanFactory.doResolveDependency(DefaultListableBeanFactory.java:1769)
	at org.springframework.beans.factory.support.DefaultListableBeanFactory.resolveDependency(DefaultListableBeanFactory.java:1658)
	at org.springframework.beans.factory.support.ConstructorResolver.resolveAutowiredArgument(ConstructorResolver.java:912)
	at org.springframework.beans.factory.support.ConstructorResolver.createArgumentArray(ConstructorResolver.java:791)
	... 156 common frames omitted
Caused by: org.springframework.beans.factory.UnsatisfiedDependencyException: Error creating bean with name 'jsonMapperBuilder' defined in class path resource [org/springframework/boot/jackson/autoconfigure/JacksonAutoConfiguration.class]: Unsatisfied dependency expressed through method 'jsonMapperBuilder' parameter 1: Error creating bean with name 'jsonFactory' defined in class path resource [org/springframework/boot/jackson/autoconfigure/JacksonAutoConfiguration.class]: Failed to instantiate [tools.jackson.core.json.JsonFactory]: Factory method 'jsonFactory' threw exception with message: Error creating bean with name 'org.springframework.boot.jackson.autoconfigure.JacksonAutoConfiguration$JacksonJsonCustomizerConfiguration': Unsatisfied dependency expressed through constructor parameter 0: Error creating bean with name 'spring.jackson-org.springframework.boot.jackson.autoconfigure.JacksonProperties': Could not bind properties to 'JacksonProperties' : prefix=spring.jackson, ignoreInvalidFields=false, ignoreUnknownFields=true
	at org.springframework.beans.factory.support.ConstructorResolver.createArgumentArray(ConstructorResolver.java:804)
	at org.springframework.beans.factory.support.ConstructorResolver.instantiateUsingFactoryMethod(ConstructorResolver.java:546)
	at org.springframework.beans.factory.support.AbstractAutowireCapableBeanFactory.instantiateUsingFactoryMethod(AbstractAutowireCapableBeanFactory.java:1360)
	at org.springframework.beans.factory.support.AbstractAutowireCapableBeanFactory.createBeanInstance(AbstractAutowireCapableBeanFactory.java:1192)
	at org.springframework.beans.factory.support.AbstractAutowireCapableBeanFactory.doCreateBean(AbstractAutowireCapableBeanFactory.java:565)
	at org.springframework.beans.factory.support.AbstractAutowireCapableBeanFactory.createBean(AbstractAutowireCapableBeanFactory.java:525)
	at org.springframework.beans.factory.support.AbstractBeanFactory.doGetBean(AbstractBeanFactory.java:351)
	at org.springframework.beans.factory.support.AbstractBeanFactory.getBean(AbstractBeanFactory.java:201)
	at org.springframework.beans.factory.config.DependencyDescriptor.resolveCandidate(DependencyDescriptor.java:229)
	at org.springframework.beans.factory.support.DefaultListableBeanFactory.doResolveDependency(DefaultListableBeanFactory.java:1769)
	at org.springframework.beans.factory.support.DefaultListableBeanFactory.resolveDependency(DefaultListableBeanFactory.java:1658)
	at org.springframework.beans.factory.support.ConstructorResolver.resolveAutowiredArgument(ConstructorResolver.java:912)
	at org.springframework.beans.factory.support.ConstructorResolver.createArgumentArray(ConstructorResolver.java:791)
	... 170 common frames omitted
Caused by: org.springframework.beans.factory.BeanCreationException: Error creating bean with name 'jsonFactory' defined in class path resource [org/springframework/boot/jackson/autoconfigure/JacksonAutoConfiguration.class]: Failed to instantiate [tools.jackson.core.json.JsonFactory]: Factory method 'jsonFactory' threw exception with message: Error creating bean with name 'org.springframework.boot.jackson.autoconfigure.JacksonAutoConfiguration$JacksonJsonCustomizerConfiguration': Unsatisfied dependency expressed through constructor parameter 0: Error creating bean with name 'spring.jackson-org.springframework.boot.jackson.autoconfigure.JacksonProperties': Could not bind properties to 'JacksonProperties' : prefix=spring.jackson, ignoreInvalidFields=false, ignoreUnknownFields=true
	at org.springframework.beans.factory.support.ConstructorResolver.instantiate(ConstructorResolver.java:657)
	at org.springframework.beans.factory.support.ConstructorResolver.instantiateUsingFactoryMethod(ConstructorResolver.java:645)
	at org.springframework.beans.factory.support.AbstractAutowireCapableBeanFactory.instantiateUsingFactoryMethod(AbstractAutowireCapableBeanFactory.java:1360)
	at org.springframework.beans.factory.support.AbstractAutowireCapableBeanFactory.createBeanInstance(AbstractAutowireCapableBeanFactory.java:1192)
	at org.springframework.beans.factory.support.AbstractAutowireCapableBeanFactory.doCreateBean(AbstractAutowireCapableBeanFactory.java:565)
	at org.springframework.beans.factory.support.AbstractAutowireCapableBeanFactory.createBean(AbstractAutowireCapableBeanFactory.java:525)
	at org.springframework.beans.factory.support.AbstractBeanFactory.lambda$doGetBean$0(AbstractBeanFactory.java:333)
	at org.springframework.beans.factory.support.DefaultSingletonBeanRegistry.getSingleton(DefaultSingletonBeanRegistry.java:371)
	at org.springframework.beans.factory.support.AbstractBeanFactory.doGetBean(AbstractBeanFactory.java:331)
	at org.springframework.beans.factory.support.AbstractBeanFactory.getBean(AbstractBeanFactory.java:201)
	at org.springframework.beans.factory.support.DefaultListableBeanFactory.resolveBean(DefaultListableBeanFactory.java:1232)
	at org.springframework.beans.factory.support.DefaultListableBeanFactory.doResolveDependency(DefaultListableBeanFactory.java:1711)
	at org.springframework.beans.factory.support.DefaultListableBeanFactory.resolveDependency(DefaultListableBeanFactory.java:1658)
	at org.springframework.beans.factory.support.ConstructorResolver.resolveAutowiredArgument(ConstructorResolver.java:912)
	at org.springframework.beans.factory.support.ConstructorResolver.createArgumentArray(ConstructorResolver.java:791)
	... 182 common frames omitted
Caused by: org.springframework.beans.BeanInstantiationException: Failed to instantiate [tools.jackson.core.json.JsonFactory]: Factory method 'jsonFactory' threw exception with message: Error creating bean with name 'org.springframework.boot.jackson.autoconfigure.JacksonAutoConfiguration$JacksonJsonCustomizerConfiguration': Unsatisfied dependency expressed through constructor parameter 0: Error creating bean with name 'spring.jackson-org.springframework.boot.jackson.autoconfigure.JacksonProperties': Could not bind properties to 'JacksonProperties' : prefix=spring.jackson, ignoreInvalidFields=false, ignoreUnknownFields=true
	at org.springframework.beans.factory.support.SimpleInstantiationStrategy.lambda$instantiate$0(SimpleInstantiationStrategy.java:183)
	at org.springframework.beans.factory.support.SimpleInstantiationStrategy.instantiateWithFactoryMethod(SimpleInstantiationStrategy.java:72)
	at org.springframework.beans.factory.support.SimpleInstantiationStrategy.instantiate(SimpleInstantiationStrategy.java:152)
	at org.springframework.beans.factory.support.ConstructorResolver.instantiate(ConstructorResolver.java:653)
	... 196 common frames omitted
Caused by: org.springframework.beans.factory.UnsatisfiedDependencyException: Error creating bean with name 'org.springframework.boot.jackson.autoconfigure.JacksonAutoConfiguration$JacksonJsonCustomizerConfiguration': Unsatisfied dependency expressed through constructor parameter 0: Error creating bean with name 'spring.jackson-org.springframework.boot.jackson.autoconfigure.JacksonProperties': Could not bind properties to 'JacksonProperties' : prefix=spring.jackson, ignoreInvalidFields=false, ignoreUnknownFields=true
	at org.springframework.beans.factory.support.ConstructorResolver.createArgumentArray(ConstructorResolver.java:804)
	at org.springframework.beans.factory.support.ConstructorResolver.autowireConstructor(ConstructorResolver.java:240)
	at org.springframework.beans.factory.support.AbstractAutowireCapableBeanFactory.autowireConstructor(AbstractAutowireCapableBeanFactory.java:1380)
	at org.springframework.beans.factory.support.AbstractAutowireCapableBeanFactory.createBeanInstance(AbstractAutowireCapableBeanFactory.java:1219)
	at org.springframework.beans.factory.support.AbstractAutowireCapableBeanFactory.doCreateBean(AbstractAutowireCapableBeanFactory.java:565)
	at org.springframework.beans.factory.support.AbstractAutowireCapableBeanFactory.createBean(AbstractAutowireCapableBeanFactory.java:525)
	at org.springframework.beans.factory.support.AbstractBeanFactory.lambda$doGetBean$0(AbstractBeanFactory.java:333)
	at org.springframework.beans.factory.support.DefaultSingletonBeanRegistry.getSingleton(DefaultSingletonBeanRegistry.java:371)
	at org.springframework.beans.factory.support.AbstractBeanFactory.doGetBean(AbstractBeanFactory.java:331)
	at org.springframework.beans.factory.support.AbstractBeanFactory.getBean(AbstractBeanFactory.java:196)
	at org.springframework.beans.factory.support.ConstructorResolver.instantiateUsingFactoryMethod(ConstructorResolver.java:413)
	at org.springframework.beans.factory.support.AbstractAutowireCapableBeanFactory.instantiateUsingFactoryMethod(AbstractAutowireCapableBeanFactory.java:1360)
	at org.springframework.beans.factory.support.AbstractAutowireCapableBeanFactory.createBeanInstance(AbstractAutowireCapableBeanFactory.java:1192)
	at org.springframework.beans.factory.support.AbstractAutowireCapableBeanFactory.doCreateBean(AbstractAutowireCapableBeanFactory.java:565)
	at org.springframework.beans.factory.support.AbstractAutowireCapableBeanFactory.createBean(AbstractAutowireCapableBeanFactory.java:525)
	at org.springframework.beans.factory.support.AbstractBeanFactory.lambda$doGetBean$0(AbstractBeanFactory.java:333)
	at org.springframework.beans.factory.support.DefaultSingletonBeanRegistry.getSingleton(DefaultSingletonBeanRegistry.java:371)
	at org.springframework.beans.factory.support.AbstractBeanFactory.doGetBean(AbstractBeanFactory.java:331)
	at org.springframework.beans.factory.support.AbstractBeanFactory.getBean(AbstractBeanFactory.java:201)
	at org.springframework.beans.factory.config.DependencyDescriptor.resolveCandidate(DependencyDescriptor.java:229)
	at org.springframework.beans.factory.support.DefaultListableBeanFactory.addCandidateEntry(DefaultListableBeanFactory.java:2022)
	at org.springframework.beans.factory.support.DefaultListableBeanFactory.findAutowireCandidates(DefaultListableBeanFactory.java:1978)
	at org.springframework.beans.factory.support.DefaultListableBeanFactory.resolveMultipleBeans(DefaultListableBeanFactory.java:1799)
	at org.springframework.beans.factory.support.DefaultListableBeanFactory.doResolveDependency(DefaultListableBeanFactory.java:1718)
	at org.springframework.beans.factory.support.DefaultListableBeanFactory$DependencyObjectProvider.resolveStream(DefaultListableBeanFactory.java:2692)
	at org.springframework.beans.factory.support.DefaultListableBeanFactory$DependencyObjectProvider.orderedStream(DefaultListableBeanFactory.java:2686)
	at org.springframework.boot.jackson.autoconfigure.JacksonAutoConfiguration.jsonFactory(JacksonAutoConfiguration.java:118)
	at java.base/jdk.internal.reflect.DirectMethodHandleAccessor.invoke(DirectMethodHandleAccessor.java:103)
	at java.base/java.lang.reflect.Method.invoke(Method.java:580)
	at org.springframework.beans.factory.support.SimpleInstantiationStrategy.lambda$instantiate$0(SimpleInstantiationStrategy.java:155)
	... 199 common frames omitted
Caused by: org.springframework.boot.context.properties.ConfigurationPropertiesBindException: Error creating bean with name 'spring.jackson-org.springframework.boot.jackson.autoconfigure.JacksonProperties': Could not bind properties to 'JacksonProperties' : prefix=spring.jackson, ignoreInvalidFields=false, ignoreUnknownFields=true
	at org.springframework.boot.context.properties.ConfigurationPropertiesBindingPostProcessor.bind(ConfigurationPropertiesBindingPostProcessor.java:104)
	at org.springframework.boot.context.properties.ConfigurationPropertiesBindingPostProcessor.postProcessBeforeInitialization(ConfigurationPropertiesBindingPostProcessor.java:84)
	at org.springframework.beans.factory.support.AbstractAutowireCapableBeanFactory.applyBeanPostProcessorsBeforeInitialization(AbstractAutowireCapableBeanFactory.java:426)
	at org.springframework.beans.factory.support.AbstractAutowireCapableBeanFactory.initializeBean(AbstractAutowireCapableBeanFactory.java:1807)
	at org.springframework.beans.factory.support.AbstractAutowireCapableBeanFactory.doCreateBean(AbstractAutowireCapableBeanFactory.java:603)
	at org.springframework.beans.factory.support.AbstractAutowireCapableBeanFactory.createBean(AbstractAutowireCapableBeanFactory.java:525)
	at org.springframework.beans.factory.support.AbstractBeanFactory.lambda$doGetBean$0(AbstractBeanFactory.java:333)
	at org.springframework.beans.factory.support.DefaultSingletonBeanRegistry.getSingleton(DefaultSingletonBeanRegistry.java:371)
	at org.springframework.beans.factory.support.AbstractBeanFactory.doGetBean(AbstractBeanFactory.java:331)
	at org.springframework.beans.factory.support.AbstractBeanFactory.getBean(AbstractBeanFactory.java:201)
	at org.springframework.beans.factory.config.DependencyDescriptor.resolveCandidate(DependencyDescriptor.java:229)
	at org.springframework.beans.factory.support.DefaultListableBeanFactory.doResolveDependency(DefaultListableBeanFactory.java:1769)
	at org.springframework.beans.factory.support.DefaultListableBeanFactory.resolveDependency(DefaultListableBeanFactory.java:1658)
	at org.springframework.beans.factory.support.ConstructorResolver.resolveAutowiredArgument(ConstructorResolver.java:912)
	at org.springframework.beans.factory.support.ConstructorResolver.createArgumentArray(ConstructorResolver.java:791)
	... 228 common frames omitted
Caused by: org.springframework.boot.context.properties.bind.BindException: Failed to bind properties under 'spring.jackson.serialization' to java.util.Map<tools.jackson.databind.SerializationFeature, java.lang.Boolean>
	at org.springframework.boot.context.properties.bind.Binder.handleBindError(Binder.java:419)
	at org.springframework.boot.context.properties.bind.Binder.bind(Binder.java:378)
	at org.springframework.boot.context.properties.bind.Binder.lambda$bindDataObject$0(Binder.java:508)
	at org.springframework.boot.context.properties.bind.JavaBeanBinder.bind(JavaBeanBinder.java:127)
	at org.springframework.boot.context.properties.bind.JavaBeanBinder.bind(JavaBeanBinder.java:115)
	at org.springframework.boot.context.properties.bind.JavaBeanBinder.bind(JavaBeanBinder.java:71)
	at org.springframework.boot.context.properties.bind.Binder.lambda$bindDataObject$2(Binder.java:511)
	at org.springframework.boot.context.properties.bind.Binder.fromDataObjectBinders(Binder.java:521)
	at org.springframework.boot.context.properties.bind.Binder.lambda$bindDataObject$1(Binder.java:510)
	at org.springframework.boot.context.properties.bind.Binder$Context.withIncreasedDepth(Binder.java:636)
	at org.springframework.boot.context.properties.bind.Binder$Context.withDataObject(Binder.java:622)
	at org.springframework.boot.context.properties.bind.Binder.bindDataObject(Binder.java:513)
	at org.springframework.boot.context.properties.bind.Binder.bindObject(Binder.java:448)
	at org.springframework.boot.context.properties.bind.Binder.bind(Binder.java:374)
	at org.springframework.boot.context.properties.bind.Binder.bind(Binder.java:361)
	at org.springframework.boot.context.properties.bind.Binder.bind(Binder.java:288)
	at org.springframework.boot.context.properties.bind.Binder.bind(Binder.java:275)
	at org.springframework.boot.context.properties.ConfigurationPropertiesBinder.bind(ConfigurationPropertiesBinder.java:96)
	at org.springframework.boot.context.properties.ConfigurationPropertiesBindingPostProcessor.bind(ConfigurationPropertiesBindingPostProcessor.java:101)
	... 242 common frames omitted
Caused by: org.springframework.core.convert.ConversionFailedException: Failed to convert from type [java.lang.String] to type [tools.jackson.databind.SerializationFeature] for value [write-dates-as-timestamps]
	at org.springframework.core.convert.support.ConversionUtils.invokeConverter(ConversionUtils.java:47)
	at org.springframework.core.convert.support.GenericConversionService.convert(GenericConversionService.java:181)
	at org.springframework.boot.context.properties.bind.BindConverter.convert(BindConverter.java:111)
	at org.springframework.boot.context.properties.bind.BindConverter.convert(BindConverter.java:102)
	at org.springframework.boot.context.properties.bind.MapBinder$EntryBinder.bindEntries(MapBinder.java:188)
	at org.springframework.boot.context.properties.bind.MapBinder.bindAggregate(MapBinder.java:80)
	at org.springframework.boot.context.properties.bind.AggregateBinder.bind(AggregateBinder.java:59)
	at org.springframework.boot.context.properties.bind.Binder.lambda$bindAggregate$2(Binder.java:472)
	at org.springframework.boot.context.properties.bind.Binder$Context.withIncreasedDepth(Binder.java:636)
	at org.springframework.boot.context.properties.bind.Binder.bindAggregate(Binder.java:473)
	at org.springframework.boot.context.properties.bind.Binder.bindObject(Binder.java:431)
	at org.springframework.boot.context.properties.bind.Binder.bind(Binder.java:374)
	... 259 common frames omitted
Caused by: java.lang.IllegalArgumentException: No enum constant tools.jackson.databind.SerializationFeature.write-dates-as-timestamps
	at org.springframework.boot.convert.LenientObjectToEnumConverterFactory$LenientToEnumConverter.findEnum(LenientObjectToEnumConverterFactory.java:95)
	at org.springframework.boot.convert.LenientObjectToEnumConverterFactory$LenientToEnumConverter.convert(LenientObjectToEnumConverterFactory.java:82)
	at org.springframework.boot.convert.LenientObjectToEnumConverterFactory$LenientToEnumConverter.convert(LenientObjectToEnumConverterFactory.java:63)
	at org.springframework.core.convert.support.GenericConversionService$ConverterFactoryAdapter.convert(GenericConversionService.java:407)
	at org.springframework.core.convert.support.ConversionUtils.invokeConverter(ConversionUtils.java:41)
	... 270 common frames omitted
2026-08-31 23:07:06.546 INFO  [main] [no-trace] c.e.o.OfferPilotApplicationTests - Starting OfferPilotApplicationTests using Java 21.0.11 with PID 61352 (started by oliver in /Users/oliver/IdeaProjects/offer-pilot)
2026-08-31 23:07:06.547 DEBUG [main] [no-trace] c.e.o.OfferPilotApplicationTests - Running with Spring Boot v4.1.1, Spring v7.0.9
2026-08-31 23:07:06.547 INFO  [main] [no-trace] c.e.o.OfferPilotApplicationTests - No active profile set, falling back to 1 default profile: "default"
2026-08-31 23:07:07.365 INFO  [main] [no-trace] c.e.o.storage.config.MinioConfig - 初始化 MinIO 客户端: endpoint=http://14.103.58.208:19001
2026-08-31 23:07:07.452 WARN  [main] [no-trace] c.e.o.s.s.impl.MinioFileStorage - MinIO bucket 初始化失败（MinIO 可能未启动）: Non-XML response from server. Response code: 400, Content-Type: text/xml; charset=utf-8, body: <?xml version="1.0" encoding="UTF-8"?><Error><Code>InvalidArgument</Code><Message>S3 API Requests must be made to API port.</Message><RequestId>0</RequestId></Error>
2026-08-31 23:07:07.603 INFO  [main] [no-trace] c.b.m.s.MybatisPlusApplicationContextAware - Register ApplicationContext instances org.springframework.web.context.support.GenericWebApplicationContext@2739254c
2026-08-31 23:07:07.684 INFO  [main] [no-trace] c.e.o.OfferPilotApplicationTests - Started OfferPilotApplicationTests in 1.25 seconds (process running for 2.496)
